date,scores,date
2017-01-01,"-0,9006000000000001",2017-01-01
2017-01-02,"-0,7534000000000001",2017-01-02
2017-01-03,"-0,7659",2017-01-03
2017-01-04,"-0,8504",2017-01-04
2017-01-05,"-0,23559999999999987",2017-01-05
2017-01-06,"-0,592",2017-01-06
2017-01-07,"-1,3836",2017-01-07
2017-01-08,"1,0339",2017-01-08
2017-01-09,"-1,0350000000000001",2017-01-09
2017-01-10,"-1,1162999999999998",2017-01-10
2017-01-11,"-2,6338999999999997",2017-01-11
2017-01-12,"-1,3934",2017-01-12
2017-01-13,"-0,3120999999999999",2017-01-13
2017-01-14,"-0,8853",2017-01-14
2017-01-15,"-0,592",2017-01-15
2017-01-16,"-0,27019999999999994",2017-01-16
2017-01-17,"0,2219000000000001",2017-01-17
2017-01-18,"0,9828",2017-01-18
2017-01-19,"-0,8",2017-01-19
2017-01-20,"0,7636",2017-01-20
2017-01-21,"-0,5068",2017-01-21
2017-01-22,"-0,5106",2017-01-22
2017-01-23,"0,4076",2017-01-23
2017-01-24,"-0,12169999999999986",2017-01-24
2017-01-25,"-1,7003",2017-01-25
2017-01-26,"-1,155",2017-01-26
2017-01-27,"-0,8879999999999999",2017-01-27
2017-01-28,"-0,48600000000000004",2017-01-28
2017-01-29,"0,3165",2017-01-29
2017-01-30,"-0,3923",2017-01-30
2017-01-31,"-0,6403999999999999",2017-01-31
2017-02-01,"-0,03939999999999999",2017-02-01
2017-02-02,"-0,016099999999999892",2017-02-02
2017-02-03,"-0,7425999999999999",2017-02-03
2017-02-04,"0,0",2017-02-04
2017-02-05,"-0,592",2017-02-05
2017-02-06,"0,06520000000000004",2017-02-06
2017-02-07,"1,2358000000000002",2017-02-07
2017-02-08,"-0,534",2017-02-08
2017-02-09,"0,4767",2017-02-09
2017-02-10,"0,04400000000000004",2017-02-10
2017-02-11,"-1,6990999999999998",2017-02-11
2017-02-12,"-2,7708",2017-02-12
2017-02-13,"0,6445000000000001",2017-02-13
2017-02-14,"-1,69",2017-02-14
2017-02-15,"-0,9209",2017-02-15
2017-02-16,"-1,6761",2017-02-16
2017-02-17,"0,12400000000000011",2017-02-17
2017-02-18,"0,0",2017-02-18
2017-02-19,"0,0",2017-02-19
2017-02-20,"-0,2553999999999999",2017-02-20
2017-02-21,"-0,6379999999999999",2017-02-21
2017-02-22,"1,165",2017-02-22
2017-02-23,"1,2776999999999998",2017-02-23
2017-02-24,"-1,4317",2017-02-24
2017-02-25,"0,7258",2017-02-25
2017-02-26,"-0,7377",2017-02-26
2017-02-27,"-0,8048",2017-02-27
2017-02-28,"0,046800000000000064",2017-02-28
2017-03-01,"1,0514000000000001",2017-03-01
2017-03-02,"0,15800000000000014",2017-03-02
2017-03-03,"-0,5647",2017-03-03
2017-03-04,"-1,7012",2017-03-04
2017-03-05,"0,09789999999999999",2017-03-05
2017-03-06,"0,48390000000000005",2017-03-06
2017-03-07,"0,015500000000000125",2017-03-07
2017-03-08,"0,38040000000000007",2017-03-08
2017-03-09,"-1,4213",2017-03-09
2017-03-10,"-0,28859999999999997",2017-03-10
2017-03-11,"0,04400000000000004",2017-03-11
2017-03-12,"-0,26039999999999996",2017-03-12
2017-03-13,"-0,3099999999999999",2017-03-13
2017-03-14,"-0,5479999999999999",2017-03-14
2017-03-15,"0,05500000000000005",2017-03-15
2017-03-16,"-1,1054",2017-03-16
2017-03-17,"0,08800000000000008",2017-03-17
2017-03-18,"0,34800000000000003",2017-03-18
2017-03-19,"0,4802",2017-03-19
2017-03-20,"-1,7297",2017-03-20
2017-03-21,"-1,1351",2017-03-21
2017-03-22,"-0,6651",2017-03-22
2017-03-23,"-0,5107",2017-03-23
2017-03-24,"-0,296",2017-03-24
2017-03-25,"-0,20769999999999994",2017-03-25
2017-03-26,"-1,1111",2017-03-26
2017-03-27,"0,6042",2017-03-27
2017-03-28,"-0,24309999999999998",2017-03-28
2017-03-29,"-1,6908",2017-03-29
2017-03-30,"-0,35789999999999994",2017-03-30
2017-03-31,"-0,6512",2017-03-31
2017-04-01,"-0,03359999999999996",2017-04-01
2017-04-02,"-0,592",2017-04-02
2017-04-03,"-1,3038999999999998",2017-04-03
2017-04-04,"-1,0866",2017-04-04
2017-04-05,"-0,592",2017-04-05
2017-04-06,"0,04400000000000004",2017-04-06
2017-04-07,"-0,592",2017-04-07
2017-04-08,"1,0091999999999999",2017-04-08
2017-04-09,"0,0",2017-04-09
2017-04-10,"0,0",2017-04-10
2017-04-11,"0,555",2017-04-11
2017-04-12,"0,20050000000000012",2017-04-12
2017-04-13,"-0,2743999999999999",2017-04-13
2017-04-14,"0,0",2017-04-14
2017-04-15,"-0,5327999999999999",2017-04-15
2017-04-16,"-0,5267",2017-04-16
2017-04-17,"-0,9656",2017-04-17
2017-04-18,"-0,1356",2017-04-18
2017-04-19,"-0,8220999999999999",2017-04-19
2017-04-20,"-0,08399999999999991",2017-04-20
2017-04-21,"-0,02290000000000003",2017-04-21
2017-04-22,"-0,2368",2017-04-22
2017-04-23,"-1,2443",2017-04-23
2017-04-24,"-1,2716999999999998",2017-04-24
2017-04-25,"0,2586000000000001",2017-04-25
2017-04-26,"-0,296",2017-04-26
2017-04-27,"0,5495",2017-04-27
2017-04-28,"-1,764",2017-04-28
2017-04-29,"1,7045",2017-04-29
2017-04-30,"0,0",2017-04-30
2017-05-01,"-0,296",2017-05-01
2017-05-02,"-0,72",2017-05-02
2017-05-03,"-0,2981",2017-05-03
2017-05-04,"-0,8879999999999999",2017-05-04
2017-05-05,"-0,6508",2017-05-05
2017-05-06,"-1,1209999999999998",2017-05-06
2017-05-07,"0,6322",2017-05-07
2017-05-08,"0,6068000000000001",2017-05-08
2017-05-09,"-0,6808",2017-05-09
2017-05-10,"0,30340000000000006",2017-05-10
2017-05-11,"0,0",2017-05-11
2017-05-12,"0,34",2017-05-12
2017-05-13,"-0,3736",2017-05-13
2017-05-14,"1,3924999999999998",2017-05-14
2017-05-15,"-0,06769999999999998",2017-05-15
2017-05-16,"-2,4284999999999997",2017-05-16
2017-05-17,"-1,3558",2017-05-17
2017-05-18,"-0,10180000000000006",2017-05-18
2017-05-19,"-0,25199999999999995",2017-05-19
2017-05-20,"-0,32239999999999996",2017-05-20
2017-05-21,"-0,8227",2017-05-21
2017-05-22,"-2,5554",2017-05-22
2017-05-23,"0,6237",2017-05-23
2017-05-24,"-1,2269999999999999",2017-05-24
2017-05-25,"-0,296",2017-05-25
2017-05-26,"-0,40430000000000005",2017-05-26
2017-05-27,"-1,0104",2017-05-27
2017-05-28,"-0,10549999999999998",2017-05-28
2017-05-29,"-1,3952",2017-05-29
2017-05-30,"-1,2209",2017-05-30
2017-05-31,"-1,248",2017-05-31
2017-06-01,"-0,5243",2017-06-01
2017-06-02,"-1,5384999999999998",2017-06-02
2017-06-03,"0,1901999999999998",2017-06-03
2017-06-04,"-0,2803999999999999",2017-06-04
2017-06-05,"-0,011699999999999933",2017-06-05
2017-06-06,"-0,20110000000000006",2017-06-06
2017-06-07,"0,4278999999999999",2017-06-07
2017-06-08,"0,8962000000000001",2017-06-08
2017-06-09,"-0,6708000000000001",2017-06-09
2017-06-10,"-0,12889999999999996",2017-06-10
2017-06-11,"-0,8879999999999999",2017-06-11
2017-06-12,"-0,0023999999999999577",2017-06-12
2017-06-13,"0,23510000000000003",2017-06-13
2017-06-14,"-1,1643",2017-06-14
2017-06-15,"0,7513",2017-06-15
2017-06-16,"0,4724",2017-06-16
2017-06-17,"1,4642",2017-06-17
2017-06-18,"0,45460000000000006",2017-06-18
2017-06-19,"-1,1162",2017-06-19
2017-06-20,"-0,44759999999999994",2017-06-20
2017-06-21,"-0,25199999999999995",2017-06-21
2017-06-22,"-0,8879999999999999",2017-06-22
2017-06-23,"1,337",2017-06-23
2017-06-24,"0,4844000000000001",2017-06-24
2017-06-25,"-0,8934",2017-06-25
2017-06-26,"-0,296",2017-06-26
2017-06-27,"-0,11530000000000007",2017-06-27
2017-06-28,"-1,4454",2017-06-28
2017-06-29,"0,2001",2017-06-29
2017-06-30,"-1,2675",2017-06-30
2017-07-01,"-3,1065",2017-07-01
2017-07-02,"-0,37009999999999993",2017-07-02
2017-07-03,"2,1322",2017-07-03
2017-07-04,"0,5796",2017-07-04
2017-07-05,"-0,296",2017-07-05
2017-07-06,"-0,8879999999999999",2017-07-06
2017-07-07,"-0,09379999999999988",2017-07-07
2017-07-08,"-0,41019999999999995",2017-07-08
2017-07-09,"-0,8879999999999999",2017-07-09
2017-07-10,"0,8804000000000001",2017-07-10
2017-07-11,"-0,887",2017-07-11
2017-07-12,"0,5267",2017-07-12
2017-07-13,"-1,8868999999999998",2017-07-13
2017-07-14,"-1,1338",2017-07-14
2017-07-15,"-1,3869",2017-07-15
2017-07-16,"-1,2319",2017-07-16
2017-07-17,"0,5799000000000001",2017-07-17
2017-07-18,"-1,3358",2017-07-18
2017-07-19,"-0,592",2017-07-19
2017-07-20,"-2,8299",2017-07-20
2017-07-21,"0,024600000000000066",2017-07-21
2017-07-22,"-2,016",2017-07-22
2017-07-23,"-1,1101",2017-07-23
2017-07-24,"-1,4794",2017-07-24
2017-07-25,"0,128",2017-07-25
2017-07-26,"1,259",2017-07-26
2017-07-27,"-1,6945999999999999",2017-07-27
2017-07-28,"-2,754",2017-07-28
2017-07-29,"-0,7134999999999999",2017-07-29
2017-07-30,"-0,296",2017-07-30
2017-07-31,"0,9685",2017-07-31
2017-08-01,"0,16400000000000015",2017-08-01
2017-08-02,"-1,1189",2017-08-02
2017-08-03,"0,4782000000000001",2017-08-03
2017-08-04,"0,008899999999999852",2017-08-04
2017-08-05,"-0,1779",2017-08-05
2017-08-06,"0,9524000000000001",2017-08-06
2017-08-07,"-0,47139999999999993",2017-08-07
2017-08-08,"-0,7041",2017-08-08
2017-08-09,"0,7045000000000001",2017-08-09
2017-08-10,"-1,7278",2017-08-10
2017-08-11,"1,0592",2017-08-11
2017-08-12,"-0,8879999999999999",2017-08-12
2017-08-13,"-1,7106999999999999",2017-08-13
2017-08-14,"1,4308999999999998",2017-08-14
2017-08-15,"0,4767",2017-08-15
2017-08-16,"-2,6195",2017-08-16
2017-08-17,"-0,5205",2017-08-17
2017-08-18,"0,34500000000000014",2017-08-18
2017-08-19,"-1,0369",2017-08-19
2017-08-20,"-0,4662",2017-08-20
2017-08-21,"-0,11969999999999986",2017-08-21
2017-08-22,"-0,6900999999999999",2017-08-22
2017-08-23,"-1,0591",2017-08-23
2017-08-24,"-0,8363999999999999",2017-08-24
2017-08-25,"0,3727999999999999",2017-08-25
2017-08-26,"0,34",2017-08-26
2017-08-27,"0,6557",2017-08-27
2017-08-28,"0,7024000000000001",2017-08-28
2017-08-29,"0,0",2017-08-29
2017-08-30,"-0,5134",2017-08-30
2017-08-31,"-1,4505",2017-08-31
2017-09-01,"-2,1858",2017-09-01
2017-09-02,"-2,5162",2017-09-02
2017-09-03,"-0,23069999999999996",2017-09-03
2017-09-04,"-1,5043000000000002",2017-09-04
2017-09-05,"-0,9763",2017-09-05
2017-09-06,"-0,5134",2017-09-06
2017-09-07,"-0,09009999999999985",2017-09-07
2017-09-08,"0,22559999999999997",2017-09-08
2017-09-09,"-0,7096999999999998",2017-09-09
2017-09-10,"-2,0337",2017-09-10
2017-09-11,"-1,68",2017-09-11
2017-09-12,"-0,6744999999999999",2017-09-12
2017-09-13,"0,21910000000000007",2017-09-13
2017-09-14,"-1,7562",2017-09-14
2017-09-15,"-0,1565999999999999",2017-09-15
2017-09-16,"-0,4019",2017-09-16
2017-09-17,"0,6519",2017-09-17
2017-09-18,"-0,6577999999999999",2017-09-18
2017-09-19,"-0,6416",2017-09-19
2017-09-20,"-2,0696",2017-09-20
2017-09-21,"-1,0903",2017-09-21
2017-09-22,"-0,592",2017-09-22
2017-09-23,"-1,4096",2017-09-23
2017-09-24,"0,0",2017-09-24
2017-09-25,"-2,571",2017-09-25
2017-09-26,"0,1431",2017-09-26
2017-09-27,"-2,0566",2017-09-27
2017-09-28,"-1,0446",2017-09-28
2017-09-29,"-3,2454",2017-09-29
2017-09-30,"-1,0617999999999999",2017-09-30
2017-10-01,"-0,296",2017-10-01
2017-10-02,"-6,3306",2017-10-02
2017-10-03,"-5,055",2017-10-03
2017-10-04,"-2,7914",2017-10-04
2017-10-05,"1,1779",2017-10-05
2017-10-06,"-0,5739000000000001",2017-10-06
2017-10-07,"-1,0964999999999998",2017-10-07
2017-10-08,"0,17709999999999998",2017-10-08
2017-10-09,"-0,3573999999999999",2017-10-09
2017-10-10,"-1,6804999999999999",2017-10-10
2017-10-11,"-0,89",2017-10-11
2017-10-12,"-0,9062999999999999",2017-10-12
2017-10-13,"0,26410000000000006",2017-10-13
2017-10-14,"-0,7712999999999999",2017-10-14
2017-10-15,"0,34",2017-10-15
2017-10-16,"0,834",2017-10-16
2017-10-17,"0,5884",2017-10-17
2017-10-18,"0,5091000000000001",2017-10-18
2017-10-19,"-2,6705",2017-10-19
2017-10-20,"-0,39299999999999996",2017-10-20
2017-10-21,"-1,8148999999999997",2017-10-21
2017-10-22,"1,2326000000000001",2017-10-22
2017-10-23,"0,3855",2017-10-23
2017-10-24,"-1,0619999999999998",2017-10-24
2017-10-25,"-0,8533999999999999",2017-10-25
2017-10-26,"-1,2826",2017-10-26
2017-10-27,"-1,4514999999999998",2017-10-27
2017-10-28,"-1,9149",2017-10-28
2017-10-29,"-0,7143999999999999",2017-10-29
2017-10-30,"-0,9936999999999999",2017-10-30
2017-10-31,"-0,9656",2017-10-31
2017-11-01,"-0,6269",2017-11-01
2017-11-02,"-1,5453999999999999",2017-11-02
2017-11-03,"-1,6966",2017-11-03
2017-11-04,"-2,2038",2017-11-04
2017-11-05,"-0,14289999999999997",2017-11-05
2017-11-06,"0,436",2017-11-06
2017-11-07,"0,08770000000000006",2017-11-07
2017-11-08,"-1,4358",2017-11-08
2017-11-09,"-1,341",2017-11-09
2017-11-10,"-0,5404",2017-11-10
2017-11-11,"-0,9961",2017-11-11
2017-11-12,"0,5319",2017-11-12
2017-11-13,"-1,5090999999999999",2017-11-13
2017-11-14,"-0,7270999999999999",2017-11-14
2017-11-15,"-1,7172999999999998",2017-11-15
2017-11-16,"-1,8912",2017-11-16
2017-11-17,"0,43639999999999995",2017-11-17
2017-11-18,"0,1124",2017-11-18
2017-11-19,"-1,0406",2017-11-19
2017-11-20,"-0,8861999999999999",2017-11-20
2017-11-21,"0,0363",2017-11-21
2017-11-22,"0,0",2017-11-22
2017-11-23,"-2,7632000000000003",2017-11-23
2017-11-24,"-1,1618",2017-11-24
2017-11-25,"-0,5125",2017-11-25
2017-11-26,"0,13929999999999998",2017-11-26
2017-11-27,"-1,0291",2017-11-27
2017-11-28,"1,2234",2017-11-28
2017-11-29,"-0,592",2017-11-29
2017-11-30,"0,4087",2017-11-30
2017-12-01,"0,3532",2017-12-01
2017-12-02,"-1,4122",2017-12-02
2017-12-03,"-1,5034",2017-12-03
2017-12-04,"-1,3380999999999998",2017-12-04
2017-12-05,"-0,4918999999999999",2017-12-05
2017-12-06,"-2,2842000000000002",2017-12-06
2017-12-07,"-1,4454",2017-12-07
2017-12-08,"-0,2875999999999999",2017-12-08
2017-12-09,"-0,09109999999999985",2017-12-09
2017-12-10,"-1,5647",2017-12-10
2017-12-11,"0,42570000000000013",2017-12-11
2017-12-12,"-1,5371",2017-12-12
2017-12-13,"-1,3941999999999999",2017-12-13
2017-12-14,"-1,9344",2017-12-14
2017-12-15,"-1,1922999999999997",2017-12-15
2017-12-16,"-3,3583999999999996",2017-12-16
2017-12-17,"-0,802",2017-12-17
2017-12-18,"-1,0165",2017-12-18
2017-12-19,"0,03469999999999995",2017-12-19
2017-12-20,"-0,5505",2017-12-20
2017-12-21,"1,4441",2017-12-21
2017-12-22,"-0,7514",2017-12-22
2017-12-23,"-3,2214",2017-12-23
2017-12-24,"1,2168",2017-12-24
2017-12-25,"-0,1401000000000001",2017-12-25
2017-12-26,"-0,9147999999999998",2017-12-26
2017-12-27,"0,21070000000000005",2017-12-27
2017-12-28,"0,059699999999999975",2017-12-28
2017-12-29,"-0,592",2017-12-29
2017-12-30,"0,3762000000000002",2017-12-30
2017-12-31,"-0,592",2017-12-31
2018-01-01,"-0,802",2018-01-01
2018-01-02,"-1,0038",2018-01-02
2018-01-03,"0,20410000000000006",2018-01-03
2018-01-04,"-1,2616",2018-01-04
2018-01-05,"-1,1072",2018-01-05
2018-01-06,"-0,8288",2018-01-06
2018-01-07,"-2,8046",2018-01-07
2018-01-08,"-0,1812999999999999",2018-01-08
2018-01-09,"-1,4735999999999998",2018-01-09
2018-01-10,"-0,2585999999999999",2018-01-10
2018-01-11,"-0,6886",2018-01-11
2018-01-12,"-1,7386",2018-01-12
2018-01-13,"-3,4764999999999997",2018-01-13
2018-01-14,"-0,592",2018-01-14
2018-01-15,"0,7288",2018-01-15
2018-01-16,"-0,24439999999999998",2018-01-16
2018-01-17,"-2,1322",2018-01-17
2018-01-18,"0,44430000000000003",2018-01-18
2018-01-19,"-1,1769",2018-01-19
2018-01-20,"-0,8534",2018-01-20
2018-01-21,"-0,887",2018-01-21
2018-01-22,"-1,061",2018-01-22
2018-01-23,"0,26100000000000007",2018-01-23
2018-01-24,"-1,5206",2018-01-24
2018-01-25,"0,46980000000000005",2018-01-25
2018-01-26,"-1,2168999999999999",2018-01-26
2018-01-27,"-0,8302999999999999",2018-01-27
2018-01-28,"0,06689999999999996",2018-01-28
2018-01-29,"-0,8879999999999999",2018-01-29
2018-01-30,"0,0",2018-01-30
2018-01-31,"-0,028999999999999915",2018-01-31
2018-02-01,"-1,0274999999999999",2018-02-01
2018-02-02,"-1,7380999999999998",2018-02-02
2018-02-03,"-0,9249999999999999",2018-02-03
2018-02-04,"-0,16799999999999998",2018-02-04
2018-02-05,"-1,6462999999999999",2018-02-05
2018-02-06,"-1,2111",2018-02-06
2018-02-07,"0,4541",2018-02-07
2018-02-08,"-0,7993000000000001",2018-02-08
2018-02-09,"-0,8879999999999999",2018-02-09
2018-02-10,"-0,4682999999999998",2018-02-10
2018-02-11,"-0,24439999999999998",2018-02-11
2018-02-12,"0,1779",2018-02-12
2018-02-13,"-1,4362",2018-02-13
2018-02-14,"-2,0232",2018-02-14
2018-02-15,"-1,3776",2018-02-15
2018-02-16,"-1,1808",2018-02-16
2018-02-17,"-0,3736",2018-02-17
2018-02-18,"-0,2825999999999999",2018-02-18
2018-02-19,"1,0626",2018-02-19
2018-02-20,"-1,1997999999999998",2018-02-20
2018-02-21,"-0,4537",2018-02-21
2018-02-22,"-1,0454999999999999",2018-02-22
2018-02-23,"-0,04880000000000001",2018-02-23
2018-02-24,"-0,5267",2018-02-24
2018-02-25,"-2,0168999999999997",2018-02-25
2018-02-26,"-0,10949999999999999",2018-02-26
2018-02-27,"-0,13069999999999993",2018-02-27
2018-02-28,"-0,49829999999999997",2018-02-28
2018-03-01,"-0,21139999999999998",2018-03-01
2018-03-02,"-0,7808999999999999",2018-03-02
2018-03-03,"-0,10509999999999997",2018-03-03
2018-03-04,"-0,9767999999999999",2018-03-04
2018-03-05,"0,007300000000000084",2018-03-05
2018-03-06,"0,3395",2018-03-06
2018-03-07,"0,07579999999999987",2018-03-07
2018-03-08,"-0,201",2018-03-08
2018-03-09,"0,14339999999999997",2018-03-09
2018-03-10,"-0,22229999999999994",2018-03-10
2018-03-11,"-1,5025",2018-03-11
2018-03-12,"-0,45419999999999994",2018-03-12
2018-03-13,"-1,0430999999999997",2018-03-13
2018-03-14,"0,24830000000000002",2018-03-14
2018-03-15,"0,1779",2018-03-15
2018-03-16,"-0,8664000000000001",2018-03-16
2018-03-17,"-1,2477",2018-03-17
2018-03-18,"-0,296",2018-03-18
2018-03-19,"-0,46620000000000006",2018-03-19
2018-03-20,"-1,3800999999999999",2018-03-20
2018-03-21,"-0,7251",2018-03-21
2018-03-22,"-1,0331",2018-03-22
2018-03-23,"0,2102",2018-03-23
2018-03-24,"-1,1955",2018-03-24
2018-03-25,"-0,296",2018-03-25
2018-03-26,"-0,23079999999999995",2018-03-26
2018-03-27,"0,2263",2018-03-27
2018-03-28,"-0,3444",2018-03-28
2018-03-29,"-0,7348000000000001",2018-03-29
2018-03-30,"-1,0687",2018-03-30
2018-03-31,"-1,7644",2018-03-31
2018-04-01,"-0,14919999999999994",2018-04-01
2018-04-02,"-1,2338",2018-04-02
2018-04-03,"-1,9207",2018-04-03
2018-04-04,"-2,0049",2018-04-04
2018-04-05,"0,09650000000000003",2018-04-05
2018-04-06,"0,04400000000000004",2018-04-06
2018-04-07,"-0,7308999999999999",2018-04-07
2018-04-08,"0,026899999999999924",2018-04-08
2018-04-09,"-2,8169999999999997",2018-04-09
2018-04-10,"-1,9425999999999999",2018-04-10
2018-04-11,"-1,4475",2018-04-11
2018-04-12,"-1,1360999999999999",2018-04-12
2018-04-13,"-2,4303",2018-04-13
2018-04-14,"-0,5574",2018-04-14
2018-04-15,"-0,8533999999999999",2018-04-15
2018-04-16,"-1,1769",2018-04-16
2018-04-17,"-0,9963000000000001",2018-04-17
2018-04-18,"-0,23619999999999997",2018-04-18
2018-04-19,"0,22629999999999995",2018-04-19
2018-04-20,"0,21460000000000007",2018-04-20
2018-04-21,"0,38400000000000006",2018-04-21
2018-04-22,"-0,5149999999999999",2018-04-22
2018-04-23,"-0,9941999999999999",2018-04-23
2018-04-24,"-0,0494",2018-04-24
2018-04-25,"-4,5819",2018-04-25
2018-04-26,"-3,2594",2018-04-26
2018-04-27,"-1,7342",2018-04-27
2018-04-28,"-0,8966999999999999",2018-04-28
2018-04-29,"-0,019499999999999962",2018-04-29
2018-04-30,"0,40970000000000006",2018-04-30
2018-05-01,"0,6973",2018-05-01
2018-05-02,"-0,37689999999999996",2018-05-02
2018-05-03,"-0,028100000000000014",2018-05-03
2018-05-04,"-0,595",2018-05-04
2018-05-05,"-0,03359999999999996",2018-05-05
2018-05-06,"-1,711",2018-05-06
2018-05-07,"0,08640000000000003",2018-05-07
2018-05-08,"-1,2571999999999999",2018-05-08
2018-05-09,"-2,8165",2018-05-09
2018-05-10,"-4,0974",2018-05-10
2018-05-11,"-1,6948999999999999",2018-05-11
2018-05-12,"0,15990000000000004",2018-05-12
2018-05-13,"0,7707",2018-05-13
2018-05-14,"-0,47129999999999994",2018-05-14
2018-05-15,"-0,6971999999999999",2018-05-15
2018-05-16,"-0,7474999999999999",2018-05-16
2018-05-17,"-0,15889999999999993",2018-05-17
2018-05-18,"-1,092",2018-05-18
2018-05-19,"-1,184",2018-05-19
2018-05-20,"1,1760000000000002",2018-05-20
2018-05-21,"-0,4642999999999999",2018-05-21
2018-05-22,"1,6579000000000002",2018-05-22
2018-05-23,"-0,9471999999999998",2018-05-23
2018-05-24,"-1,2731",2018-05-24
2018-05-25,"-0,21739999999999998",2018-05-25
2018-05-26,"0,41440000000000005",2018-05-26
2018-05-27,"-0,4861",2018-05-27
2018-05-28,"-0,8936000000000001",2018-05-28
2018-05-29,"-0,9892999999999998",2018-05-29
2018-05-30,"-0,592",2018-05-30
2018-05-31,"-0,9689",2018-05-31
2018-06-01,"-0,08350000000000002",2018-06-01
2018-06-02,"-0,7803",2018-06-02
2018-06-03,"0,8166",2018-06-03
2018-06-04,"-4,2916",2018-06-04
2018-06-05,"-1,2374",2018-06-05
2018-06-06,"0,7204",2018-06-06
2018-06-07,"-0,39929999999999993",2018-06-07
2018-06-08,"0,6717",2018-06-08
2018-06-09,"0,04799999999999999",2018-06-09
2018-06-10,"-0,9448",2018-06-10
2018-06-11,"0,12820000000000006",2018-06-11
2018-06-12,"0,6995",2018-06-12
2018-06-13,"0,6391",2018-06-13
2018-06-14,"-0,9224999999999999",2018-06-14
2018-06-15,"0,05500000000000005",2018-06-15
2018-06-16,"1,5271",2018-06-16
2018-06-17,"-0,592",2018-06-17
2018-06-18,"-0,438",2018-06-18
2018-06-19,"0,7862",2018-06-19
2018-06-20,"-0,7766000000000001",2018-06-20
2018-06-21,"-1,523",2018-06-21
2018-06-22,"1,4300000000000002",2018-06-22
2018-06-23,"-2,9188",2018-06-23
2018-06-24,"-0,9177000000000001",2018-06-24
2018-06-25,"-0,2884",2018-06-25
2018-06-26,"-1,0785",2018-06-26
2018-06-27,"-2,6097",2018-06-27
2018-06-28,"0,027800000000000047",2018-06-28
2018-06-29,"-2,1111",2018-06-29
2018-06-30,"0,5512",2018-06-30
2018-07-01,"-1,2269999999999999",2018-07-01
2018-07-02,"-0,061899999999999955",2018-07-02
2018-07-03,"-0,18669999999999987",2018-07-03
2018-07-04,"-1,1779",2018-07-04
2018-07-05,"-2,1334",2018-07-05
2018-07-06,"0,7726000000000001",2018-07-06
2018-07-07,"-0,9135",2018-07-07
2018-07-08,"0,040200000000000014",2018-07-08
2018-07-09,"-1,2925",2018-07-09
2018-07-10,"0,0",2018-07-10
2018-07-11,"-1,9217",2018-07-11
2018-07-12,"-1,3558000000000001",2018-07-12
2018-07-13,"-0,8295999999999998",2018-07-13
2018-07-14,"-0,9530999999999998",2018-07-14
2018-07-15,"-0,3347",2018-07-15
2018-07-16,"-0,592",2018-07-16
2018-07-17,"-1,634",2018-07-17
2018-07-18,"0,5273000000000001",2018-07-18
2018-07-19,"-0,2693",2018-07-19
2018-07-20,"-0,8114999999999999",2018-07-20
2018-07-21,"0,07200000000000006",2018-07-21
2018-07-22,"-0,7598999999999999",2018-07-22
2018-07-23,"1,048",2018-07-23
2018-07-24,"-1,6341",2018-07-24
2018-07-25,"-0,6305",2018-07-25
2018-07-26,"-2,8576",2018-07-26
2018-07-27,"-0,06510000000000002",2018-07-27
2018-07-28,"-0,5145",2018-07-28
2018-07-29,"-0,7003",2018-07-29
2018-07-30,"-0,9515",2018-07-30
2018-07-31,"-1,0695999999999999",2018-07-31
2018-08-01,"-1,1774",2018-08-01
2018-08-02,"-1,7479",2018-08-02
2018-08-03,"-1,4370999999999998",2018-08-03
2018-08-04,"-2,8868",2018-08-04
2018-08-05,"-1,6628",2018-08-05
2018-08-06,"-1,6264",2018-08-06
2018-08-07,"-0,6219999999999999",2018-08-07
2018-08-08,"-0,5335",2018-08-08
2018-08-09,"-1,1266",2018-08-09
2018-08-10,"0,8194",2018-08-10
2018-08-11,"-1,7966",2018-08-11
2018-08-12,"0,32030000000000003",2018-08-12
2018-08-13,"-0,7307999999999999",2018-08-13
2018-08-14,"-0,5455",2018-08-14
2018-08-15,"0,4019",2018-08-15
2018-08-16,"-0,8533999999999999",2018-08-16
2018-08-17,"0,6538",2018-08-17
2018-08-18,"-0,8136",2018-08-18
2018-08-19,"-0,24210000000000004",2018-08-19
2018-08-20,"-1,0661999999999998",2018-08-20
2018-08-21,"-1,6211",2018-08-21
2018-08-22,"-3,5745999999999998",2018-08-22
2018-08-23,"-1,7731",2018-08-23
2018-08-24,"-1,4029999999999998",2018-08-24
2018-08-25,"-0,8167",2018-08-25
2018-08-26,"-0,6105999999999999",2018-08-26
2018-08-27,"-0,269",2018-08-27
2018-08-28,"-1,0059",2018-08-28
2018-08-29,"-0,21430000000000005",2018-08-29
2018-08-30,"-1,4613",2018-08-30
2018-08-31,"0,9077000000000001",2018-08-31
2018-09-01,"-1,8782999999999999",2018-09-01
2018-09-02,"-0,6696",2018-09-02
2018-09-03,"-0,13009999999999994",2018-09-03
2018-09-04,"1,1906",2018-09-04
2018-09-05,"-1,1467",2018-09-05
2018-09-06,"-1,639",2018-09-06
2018-09-07,"-0,18279999999999985",2018-09-07
2018-09-08,"-2,3398000000000003",2018-09-08
2018-09-09,"-1,0137999999999998",2018-09-09
2018-09-10,"-3,2923999999999998",2018-09-10
2018-09-11,"-0,7516999999999998",2018-09-11
2018-09-12,"-1,2056",2018-09-12
2018-09-13,"-2,8954",2018-09-13
2018-09-14,"-0,03799999999999987",2018-09-14
2018-09-15,"-2,6509",2018-09-15
2018-09-16,"-0,6295999999999999",2018-09-16
2018-09-17,"-2,0347",2018-09-17
2018-09-18,"-1,4406999999999999",2018-09-18
2018-09-19,"-1,6782",2018-09-19
2018-09-20,"-0,12729999999999997",2018-09-20
2018-09-21,"-1,342",2018-09-21
2018-09-22,"-0,592",2018-09-22
2018-09-23,"-2,2868999999999997",2018-09-23
2018-09-24,"-2,1774",2018-09-24
2018-09-25,"-2,686",2018-09-25
2018-09-26,"-0,5479999999999999",2018-09-26
2018-09-27,"-0,39219999999999994",2018-09-27
2018-09-28,"0,23880000000000007",2018-09-28
2018-09-29,"-2,5557",2018-09-29
2018-09-30,"-0,6305",2018-09-30
2018-10-01,"-1,5821",2018-10-01
2018-10-02,"-0,9752",2018-10-02
2018-10-03,"-1,9266999999999999",2018-10-03
2018-10-04,"-1,5162",2018-10-04
2018-10-05,"0,9269000000000001",2018-10-05
2018-10-06,"-0,7733999999999999",2018-10-06
2018-10-07,"-1,6761",2018-10-07
2018-10-08,"-0,38489999999999985",2018-10-08
2018-10-09,"-0,7315",2018-10-09
2018-10-10,"-0,6043999999999999",2018-10-10
2018-10-11,"0,3531",2018-10-11
2018-10-12,"-1,4656",2018-10-12
2018-10-13,"-1,7686",2018-10-13
2018-10-14,"0,04400000000000004",2018-10-14
2018-10-15,"0,25630000000000003",2018-10-15
2018-10-16,"-1,0541",2018-10-16
2018-10-17,"-0,10339999999999994",2018-10-17
2018-10-18,"-0,3025999999999998",2018-10-18
2018-10-19,"-0,5243",2018-10-19
2018-10-20,"-1,7445",2018-10-20
2018-10-21,"0,34",2018-10-21
2018-10-22,"-1,5234",2018-10-22
2018-10-23,"-1,1848999999999998",2018-10-23
2018-10-24,"0,007800000000000029",2018-10-24
2018-10-25,"-1,7839",2018-10-25
2018-10-26,"0,5829",2018-10-26
2018-10-27,"-1,5101",2018-10-27
2018-10-28,"-0,2584",2018-10-28
2018-10-29,"-3,4282999999999997",2018-10-29
2018-10-30,"-5,6544",2018-10-30
2018-10-31,"-2,2994",2018-10-31
2018-11-01,"-0,1285",2018-11-01
2018-11-02,"0,2797",2018-11-02
2018-11-03,"-1,4988",2018-11-03
2018-11-04,"-2,1122",2018-11-04
2018-11-05,"-2,0652999999999997",2018-11-05
2018-11-06,"-0,8143",2018-11-06
2018-11-07,"0,010400000000000076",2018-11-07
2018-11-08,"-0,9512999999999999",2018-11-08
2018-11-09,"-1,4828000000000001",2018-11-09
2018-11-10,"0,7468000000000001",2018-11-10
2018-11-11,"-0,5267",2018-11-11
2018-11-12,"1,0792000000000002",2018-11-12
2018-11-13,"-0,5121",2018-11-13
2018-11-14,"-1,3325",2018-11-14
2018-11-15,"-0,11599999999999988",2018-11-15
2018-11-16,"-1,4929999999999999",2018-11-16
2018-11-17,"0,26970000000000005",2018-11-17
2018-11-18,"0,3894000000000001",2018-11-18
2018-11-19,"0,6011",2018-11-19
2018-11-20,"0,8687000000000002",2018-11-20
2018-11-21,"-1,1136",2018-11-21
2018-11-22,"-1,4789999999999999",2018-11-22
2018-11-23,"-0,5699",2018-11-23
2018-11-24,"0,1321000000000001",2018-11-24
2018-11-25,"-0,4184",2018-11-25
2018-11-26,"0,3594",2018-11-26
2018-11-27,"-1,3630999999999998",2018-11-27
2018-11-28,"-0,1553",2018-11-28
2018-11-29,"-1,3812",2018-11-29
2018-11-30,"-1,1558",2018-11-30
2018-12-01,"-0,296",2018-12-01
2018-12-02,"0,04400000000000004",2018-12-02
2018-12-03,"-0,03359999999999996",2018-12-03
2018-12-04,"0,13900000000000007",2018-12-04
2018-12-05,"-0,6308999999999999",2018-12-05
2018-12-06,"-0,7363999999999999",2018-12-06
2018-12-07,"-0,8375999999999999",2018-12-07
2018-12-08,"0,04400000000000004",2018-12-08
2018-12-09,"-0,07919999999999999",2018-12-09
2018-12-10,"-0,7503",2018-12-10
2018-12-11,"-3,2093",2018-12-11
2018-12-12,"-0,428",2018-12-12
2018-12-13,"-2,3383000000000003",2018-12-13
2018-12-14,"-0,8094",2018-12-14
2018-12-15,"-0,24439999999999998",2018-12-15
2018-12-16,"-1,0526",2018-12-16
2018-12-17,"-0,25199999999999995",2018-12-17
2018-12-18,"-1,2838",2018-12-18
2018-12-19,"-0,5691999999999999",2018-12-19
2018-12-20,"-0,3696",2018-12-20
2018-12-21,"-0,3524",2018-12-21
2018-12-22,"-1,0867",2018-12-22
2018-12-23,"0,039000000000000146",2018-12-23
2018-12-24,"-0,058599999999999965",2018-12-24
2018-12-25,"0,35180000000000006",2018-12-25
2018-12-26,"0,03200000000000003",2018-12-26
2018-12-27,"-2,3461",2018-12-27
2018-12-28,"0,5288",2018-12-28
2018-12-29,"-0,8595999999999999",2018-12-29
2018-12-30,"0,0",2018-12-30
2018-12-31,"-1,9849",2018-12-31
2019-01-01,"-1,5151",2019-01-01
2019-01-02,"-1,1494",2019-01-02
2019-01-03,"-3,5879",2019-01-03
2019-01-04,"-4,2416",2019-01-04
2019-01-05,"-3,0855999999999995",2019-01-05
2019-01-06,"-1,962",2019-01-06
2019-01-07,"-0,7684",2019-01-07
2019-01-08,"-2,112",2019-01-08
2019-01-09,"-1,4419",2019-01-09
2019-01-10,"0,028299999999999992",2019-01-10
2019-01-11,"-0,8531",2019-01-11
2019-01-12,"-2,1094",2019-01-12
2019-01-13,"0,0",2019-01-13
2019-01-14,"-2,3365",2019-01-14
2019-01-15,"0,3939",2019-01-15
2019-01-16,"-1,1754",2019-01-16
2019-01-17,"-1,1343",2019-01-17
2019-01-18,"-2,3038",2019-01-18
2019-01-19,"-0,5119",2019-01-19
2019-01-20,"-1,116",2019-01-20
2019-01-21,"0,6484",2019-01-21
2019-01-22,"-1,3189",2019-01-22
2019-01-23,"-0,6408",2019-01-23
2019-01-24,"-0,6224999999999999",2019-01-24
2019-01-25,"-1,3405",2019-01-25
2019-01-26,"-0,6908",2019-01-26
2019-01-27,"-0,5373000000000001",2019-01-27
2019-01-28,"-1,6373",2019-01-28
2019-01-29,"-0,44479999999999986",2019-01-29
2019-01-30,"1,9334",2019-01-30
2019-01-31,"-0,9532",2019-01-31
2019-02-01,"-1,2959",2019-02-01
2019-02-02,"-0,03739999999999988",2019-02-02
2019-02-03,"-2,3867",2019-02-03
2019-02-04,"-0,5267",2019-02-04
2019-02-05,"-1,5575999999999999",2019-02-05
2019-02-06,"0,7120000000000001",2019-02-06
2019-02-07,"1,4434",2019-02-07
2019-02-08,"-2,7031",2019-02-08
2019-02-09,"-0,6607",2019-02-09
2019-02-10,"0,1634",2019-02-10
2019-02-11,"-1,9721",2019-02-11
2019-02-12,"-0,842",2019-02-12
2019-02-13,"-0,7083999999999999",2019-02-13
2019-02-14,"0,9906",2019-02-14
2019-02-15,"-2,0315",2019-02-15
2019-02-16,"1,2681",2019-02-16
2019-02-17,"-1,9724",2019-02-17
2019-02-18,"-0,4956",2019-02-18
2019-02-19,"-0,47439999999999993",2019-02-19
2019-02-20,"-3,5605",2019-02-20
2019-02-21,"-1,3837",2019-02-21
2019-02-22,"-1,4863",2019-02-22
2019-02-23,"0,4902",2019-02-23
2019-02-24,"-0,25199999999999995",2019-02-24
2019-02-25,"0,6950000000000001",2019-02-25
2019-02-26,"0,9850999999999999",2019-02-26
2019-02-27,"0,7964",2019-02-27
2019-02-28,"-1,2863",2019-02-28
2019-03-01,"-1,0553",2019-03-01
2019-03-02,"0,10040000000000004",2019-03-02
2019-03-03,"-0,592",2019-03-03
2019-03-04,"-1,1991999999999998",2019-03-04
2019-03-05,"-0,006099999999999994",2019-03-05
2019-03-06,"0,49060000000000004",2019-03-06
2019-03-07,"0,4137",2019-03-07
2019-03-08,"-1,0811",2019-03-08
2019-03-09,"0,3942",2019-03-09
2019-03-10,"-1,3534",2019-03-10
2019-03-11,"-2,5034",2019-03-11
2019-03-12,"-1,1583999999999999",2019-03-12
2019-03-13,"-4,0529",2019-03-13
2019-03-14,"-1,4562",2019-03-14
2019-03-15,"-1,5084",2019-03-15
2019-03-16,"-0,3322",2019-03-16
2019-03-17,"-0,33259999999999984",2019-03-17
2019-03-18,"-0,17049999999999998",2019-03-18
2019-03-19,"-1,9502",2019-03-19
2019-03-20,"0,3687",2019-03-20
2019-03-21,"0,6072",2019-03-21
2019-03-22,"-0,7319",2019-03-22
2019-03-23,"1,1532",2019-03-23
2019-03-24,"-0,5574",2019-03-24
2019-03-25,"-0,42280000000000006",2019-03-25
2019-03-26,"-0,24049999999999994",2019-03-26
2019-03-27,"-0,48599999999999993",2019-03-27
2019-03-28,"1,2099000000000002",2019-03-28
2019-03-29,"2,8923",2019-03-29
2019-03-30,"1,3495",2019-03-30
2019-03-31,"-0,7867999999999999",2019-03-31
2019-04-01,"0,2492",2019-04-01
2019-04-02,"0,8688000000000002",2019-04-02
2019-04-03,"-1,4292999999999998",2019-04-03
2019-04-04,"-1,0722",2019-04-04
2019-04-05,"2,299",2019-04-05
2019-04-06,"-1,2586",2019-04-06
2019-04-07,"-0,3595",2019-04-07
2019-04-08,"-0,033299999999999996",2019-04-08
2019-04-09,"0,025600000000000178",2019-04-09
2019-04-10,"-0,5322",2019-04-10
2019-04-11,"-0,16599999999999998",2019-04-11
2019-04-12,"-1,719",2019-04-12
2019-04-13,"-0,4931",2019-04-13
2019-04-14,"-0,3736",2019-04-14
2019-04-15,"-1,0459999999999998",2019-04-15
2019-04-16,"-1,5608",2019-04-16
2019-04-17,"-0,5017",2019-04-17
2019-04-18,"-2,1348",2019-04-18
2019-04-19,"-2,4629999999999996",2019-04-19
2019-04-20,"-1,7528",2019-04-20
2019-04-21,"-1,7924",2019-04-21
2019-04-22,"-1,8918",2019-04-22
2019-04-23,"-1,505",2019-04-23
2019-04-24,"-1,1416",2019-04-24
2019-04-25,"1,3632",2019-04-25
2019-04-26,"-0,4243",2019-04-26
2019-04-27,"-0,8678999999999999",2019-04-27
2019-04-28,"0,1059",2019-04-28
2019-04-29,"-2,2283999999999997",2019-04-29
2019-04-30,"-1,1494",2019-04-30
2019-05-01,"-1,1368",2019-05-01
2019-05-02,"0,3252000000000001",2019-05-02
2019-05-03,"-2,1814",2019-05-03
2019-05-04,"-1,0128",2019-05-04
2019-05-05,"-2,4964",2019-05-05
2019-05-06,"-3,1898",2019-05-06
2019-05-07,"0,2930000000000001",2019-05-07
2019-05-08,"0,22170000000000012",2019-05-08
2019-05-09,"-1,2319",2019-05-09
2019-05-10,"0,29560000000000014",2019-05-10
2019-05-11,"-0,9716999999999999",2019-05-11
2019-05-12,"0,8167",2019-05-12
2019-05-13,"-0,7275999999999998",2019-05-13
2019-05-14,"-2,4665",2019-05-14
2019-05-15,"-2,6467",2019-05-15
2019-05-16,"-0,4887999999999999",2019-05-16
2019-05-17,"-0,4281999999999999",2019-05-17
2019-05-18,"1,6601",2019-05-18
2019-05-19,"-1,7618999999999998",2019-05-19
2019-05-20,"-0,296",2019-05-20
2019-05-21,"-1,7715999999999998",2019-05-21
2019-05-22,"-2,6118",2019-05-22
2019-05-23,"-2,0267999999999997",2019-05-23
2019-05-24,"-3,7508",2019-05-24
2019-05-25,"-1,8573",2019-05-25
2019-05-26,"-0,9842",2019-05-26
2019-05-27,"-1,0721",2019-05-27
2019-05-28,"-2,1511",2019-05-28
2019-05-29,"-2,2268",2019-05-29
2019-05-30,"-2,0247999999999995",2019-05-30
2019-05-31,"-0,3459999999999999",2019-05-31
2019-06-01,"-0,26659999999999995",2019-06-01
2019-06-02,"-3,1113999999999997",2019-06-02
2019-06-03,"-2,1963999999999997",2019-06-03
2019-06-04,"-0,3356999999999999",2019-06-04
2019-06-05,"-0,2171999999999999",2019-06-05
2019-06-06,"-0,7835",2019-06-06
2019-06-07,"1,6195000000000002",2019-06-07
2019-06-08,"-1,7917999999999998",2019-06-08
2019-06-09,"-0,14289999999999997",2019-06-09
2019-06-10,"0,9352",2019-06-10
2019-06-11,"-2,6151",2019-06-11
2019-06-12,"-2,0799",2019-06-12
2019-06-13,"-2,5652",2019-06-13
2019-06-14,"0,9476000000000001",2019-06-14
2019-06-15,"-0,8846",2019-06-15
2019-06-16,"0,24190000000000006",2019-06-16
2019-06-17,"-1,1664999999999999",2019-06-17
2019-06-18,"-0,9066999999999998",2019-06-18
2019-06-19,"-1,2368",2019-06-19
2019-06-20,"-0,5267",2019-06-20
2019-06-21,"-1,7340999999999998",2019-06-21
2019-06-22,"-2,6582",2019-06-22
2019-06-23,"-0,9678",2019-06-23
2019-06-24,"-1,039",2019-06-24
2019-06-25,"-0,8094",2019-06-25
2019-06-26,"0,3327",2019-06-26
2019-06-27,"-0,5540999999999999",2019-06-27
2019-06-28,"-1,3075999999999999",2019-06-28
2019-06-29,"-1,3907999999999998",2019-06-29
2019-06-30,"-0,6329999999999999",2019-06-30
2019-07-01,"-1,5237999999999998",2019-07-01
2019-07-02,"-2,1134999999999997",2019-07-02
2019-07-03,"-0,609",2019-07-03
2019-07-04,"-1,5286000000000002",2019-07-04
2019-07-05,"-2,0336",2019-07-05
2019-07-06,"-3,2148",2019-07-06
2019-07-07,"-1,2169",2019-07-07
2019-07-08,"-1,0512000000000001",2019-07-08
2019-07-09,"-1,1917999999999997",2019-07-09
2019-07-10,"-1,3213999999999997",2019-07-10
2019-07-11,"-1,6051",2019-07-11
2019-07-12,"0,4063000000000001",2019-07-12
2019-07-13,"0,31759999999999994",2019-07-13
2019-07-14,"-1,0016",2019-07-14
2019-07-15,"-3,1399",2019-07-15
2019-07-16,"-1,4142",2019-07-16
2019-07-17,"-0,32659999999999995",2019-07-17
2019-07-18,"-0,3328",2019-07-18
2019-07-19,"0,05920000000000003",2019-07-19
2019-07-20,"-0,8577999999999999",2019-07-20
2019-07-21,"-1,184",2019-07-21
2019-07-22,"-1,9034999999999997",2019-07-22
2019-07-23,"-1,6384999999999998",2019-07-23
2019-07-24,"-2,2190999999999996",2019-07-24
2019-07-25,"-4,2786",2019-07-25
2019-07-26,"-0,4012000000000001",2019-07-26
2019-07-27,"-1,0381",2019-07-27
2019-07-28,"-0,3402",2019-07-28
2019-07-29,"0,8018000000000001",2019-07-29
2019-07-30,"-0,2847999999999999",2019-07-30
2019-07-31,"-5,2126",2019-07-31
2019-08-01,"-0,8504",2019-08-01
2019-08-02,"-2,0934999999999997",2019-08-02
2019-08-03,"0,5507",2019-08-03
2019-08-04,"-0,708",2019-08-04
2019-08-05,"-1,9511999999999998",2019-08-05
2019-08-06,"-1,9302",2019-08-06
2019-08-07,"-1,6821",2019-08-07
2019-08-08,"-0,688",2019-08-08
2019-08-09,"0,11980000000000007",2019-08-09
2019-08-10,"-0,3844",2019-08-10
2019-08-11,"-0,2578999999999999",2019-08-11
2019-08-12,"-2,6014",2019-08-12
2019-08-13,"-1,2004",2019-08-13
2019-08-14,"0,8901000000000001",2019-08-14
2019-08-15,"-0,8382999999999999",2019-08-15
2019-08-16,"-0,02549999999999991",2019-08-16
2019-08-17,"-2,0709999999999997",2019-08-17
2019-08-18,"0,5725000000000001",2019-08-18
2019-08-19,"0,12479999999999991",2019-08-19
2019-08-20,"-1,8589",2019-08-20
2019-08-21,"0,11560000000000015",2019-08-21
2019-08-22,"-1,9202",2019-08-22
2019-08-23,"-1,2495999999999998",2019-08-23
2019-08-24,"-2,0053",2019-08-24
2019-08-25,"-2,3823",2019-08-25
2019-08-26,"-3,3687",2019-08-26
2019-08-27,"-1,2026",2019-08-27
2019-08-28,"1,3176",2019-08-28
2019-08-29,"-0,5302",2019-08-29
2019-08-30,"0,5759000000000001",2019-08-30
2019-08-31,"-1,4482",2019-08-31
2019-09-01,"-1,8879",2019-09-01
2019-09-02,"-0,2724",2019-09-02
2019-09-03,"-3,6029999999999998",2019-09-03
2019-09-04,"-2,1608",2019-09-04
2019-09-05,"-1,4867",2019-09-05
2019-09-06,"-5,1418",2019-09-06
2019-09-07,"-5,7947",2019-09-07
2019-09-08,"-1,2586",2019-09-08
2019-09-09,"-1,2269999999999999",2019-09-09
2019-09-10,"-1,5315",2019-09-10
2019-09-11,"0,31640000000000007",2019-09-11
2019-09-12,"-0,3806999999999998",2019-09-12
2019-09-13,"-2,028",2019-09-13
2019-09-14,"-0,5230999999999999",2019-09-14
2019-09-15,"-0,6341999999999999",2019-09-15
2019-09-16,"0,6031000000000002",2019-09-16
2019-09-17,"-2,2159999999999997",2019-09-17
2019-09-18,"0,04400000000000004",2019-09-18
2019-09-19,"0,22290000000000004",2019-09-19
2019-09-20,"-2,4295999999999998",2019-09-20
2019-09-21,"-1,3554",2019-09-21
2019-09-22,"-1,8538999999999999",2019-09-22
2019-09-23,"2,8262",2019-09-23
2019-09-24,"-0,2079999999999999",2019-09-24
2019-09-25,"-0,12609999999999988",2019-09-25
2019-09-26,"-1,9230999999999998",2019-09-26
2019-09-27,"-0,08459999999999979",2019-09-27
2019-09-28,"-0,8504",2019-09-28
2019-09-29,"-0,592",2019-09-29
2019-09-30,"0,5966",2019-09-30
2019-10-01,"1,08",2019-10-01
2019-10-02,"-1,943",2019-10-02
2019-10-03,"-2,2046",2019-10-03
2019-10-04,"-3,3903",2019-10-04
2019-10-05,"-1,1495000000000002",2019-10-05
2019-10-06,"-1,2860999999999998",2019-10-06
2019-10-07,"-1,5431",2019-10-07
2019-10-08,"1,3151000000000002",2019-10-08
2019-10-09,"-0,06830000000000003",2019-10-09
2019-10-10,"-0,7787",2019-10-10
2019-10-11,"-0,09640000000000004",2019-10-11
2019-10-12,"0,8078000000000001",2019-10-12
2019-10-13,"-5,6640999999999995",2019-10-13
2019-10-14,"-6,819999999999999",2019-10-14
2019-10-15,"-2,2655",2019-10-15
2019-10-16,"-1,6836",2019-10-16
2019-10-17,"-0,8439999999999999",2019-10-17
2019-10-18,"1,4669",2019-10-18
2019-10-19,"-2,4189",2019-10-19
2019-10-20,"-0,7483",2019-10-20
2019-10-21,"-4,9197999999999995",2019-10-21
2019-10-22,"-2,1953",2019-10-22
2019-10-23,"-2,7693",2019-10-23
2019-10-24,"-1,0509",2019-10-24
2019-10-25,"-1,9288999999999998",2019-10-25
2019-10-26,"-0,04349999999999987",2019-10-26
2019-10-27,"-3,1372",2019-10-27
2019-10-28,"0,0",2019-10-28
2019-10-29,"-1,8531",2019-10-29
2019-10-30,"0,1032",2019-10-30
2019-10-31,"-0,6274999999999998",2019-10-31
2019-11-01,"-1,1890999999999998",2019-11-01
2019-11-02,"-1,4106999999999998",2019-11-02
2019-11-03,"-0,4946999999999999",2019-11-03
2019-11-04,"-2,3943",2019-11-04
2019-11-05,"-3,9648",2019-11-05
2019-11-06,"-1,2609000000000001",2019-11-06
2019-11-07,"-1,7765",2019-11-07
2019-11-08,"-1,827",2019-11-08
2019-11-09,"0,16349999999999998",2019-11-09
2019-11-10,"-1,0463",2019-11-10
2019-11-11,"-0,47569999999999996",2019-11-11
2019-11-12,"-0,3773999999999999",2019-11-12
2019-11-13,"-0,4684000000000001",2019-11-13
2019-11-14,"-2,3495",2019-11-14
2019-11-15,"0,7514000000000002",2019-11-15
2019-11-16,"-0,3962",2019-11-16
2019-11-17,"0,34090000000000004",2019-11-17
2019-11-18,"-0,5479999999999999",2019-11-18
2019-11-19,"-0,35119999999999996",2019-11-19
2019-11-20,"1,27",2019-11-20
2019-11-21,"-1,9874",2019-11-21
2019-11-22,"-0,2787999999999999",2019-11-22
2019-11-23,"-3,1014",2019-11-23
2019-11-24,"-1,2741",2019-11-24
2019-11-25,"-1,454",2019-11-25
2019-11-26,"1,0434",2019-11-26
2019-11-27,"-1,2023000000000001",2019-11-27
2019-11-28,"-1,313",2019-11-28
2019-11-29,"-1,1177",2019-11-29
2019-11-30,"-1,1278",2019-11-30
2019-12-01,"-1,6559",2019-12-01
2019-12-02,"-1,1988999999999999",2019-12-02
2019-12-03,"0,3176000000000001",2019-12-03
2019-12-04,"-1,4813999999999998",2019-12-04
2019-12-05,"-0,22849999999999987",2019-12-05
2019-12-06,"-0,4329",2019-12-06
2019-12-07,"-1,4713999999999998",2019-12-07
2019-12-08,"0,39349999999999996",2019-12-08
2019-12-09,"-3,0178",2019-12-09
2019-12-10,"-0,6398999999999999",2019-12-10
2019-12-11,"-2,1798",2019-12-11
2019-12-12,"-1,9107",2019-12-12
2019-12-13,"-1,6518",2019-12-13
2019-12-14,"-0,031999999999999806",2019-12-14
2019-12-15,"-0,296",2019-12-15
2019-12-16,"-0,7962999999999999",2019-12-16
2019-12-17,"-1,184",2019-12-17
2019-12-18,"-0,8976",2019-12-18
2019-12-19,"-0,835",2019-12-19
2019-12-20,"0,5337000000000001",2019-12-20
2019-12-21,"-1,3703999999999998",2019-12-21
2019-12-22,"0,1614",2019-12-22
2019-12-23,"-1,1879",2019-12-23
2019-12-24,"1,0302",2019-12-24
2019-12-25,"-1,3287",2019-12-25
2019-12-26,"0,3916",2019-12-26
2019-12-27,"-1,3878",2019-12-27
2019-12-28,"-0,1901",2019-12-28
2019-12-29,"-1,1852",2019-12-29
2019-12-30,"-0,8762",2019-12-30
2019-12-31,"-1,2810000000000001",2019-12-31
2020-01-01,"-0,5367999999999999",2020-01-01
2020-01-02,"-0,24439999999999998",2020-01-02
2020-01-03,"-1,3136999999999999",2020-01-03
2020-01-04,"-2,2767",2020-01-04
2020-01-05,"-1,061",2020-01-05
2020-01-06,"-2,7318",2020-01-06
2020-01-07,"-0,7177999999999999",2020-01-07
2020-01-08,"-0,7357999999999998",2020-01-08
2020-01-09,"-0,41289999999999993",2020-01-09
2020-01-10,"-0,9656",2020-01-10
2020-01-11,"-1,9721",2020-01-11
2020-01-12,"0,35259999999999997",2020-01-12
2020-01-13,"-0,5195000000000001",2020-01-13
2020-01-14,"1,0985",2020-01-14
2020-01-15,"-0,24249999999999983",2020-01-15
2020-01-16,"-0,08399999999999996",2020-01-16
2020-01-17,"-0,5574",2020-01-17
2020-01-18,"-0,8236999999999999",2020-01-18
2020-01-19,"0,3996000000000001",2020-01-19
2020-01-20,"0,02880000000000016",2020-01-20
2020-01-21,"-1,4676999999999998",2020-01-21
2020-01-22,"-0,9837",2020-01-22
2020-01-23,"-2,4242",2020-01-23
2020-01-24,"0,0373",2020-01-24
2020-01-25,"0,10980000000000012",2020-01-25
2020-01-26,"-1,8491",2020-01-26
2020-01-27,"-1,5677999999999999",2020-01-27
2020-01-28,"-1,5247",2020-01-28
2020-01-29,"-2,1540999999999997",2020-01-29
2020-01-30,"-1,4146999999999998",2020-01-30
2020-01-31,"-2,4247",2020-01-31
2020-02-01,"-1,5025999999999997",2020-02-01
2020-02-02,"-0,8326999999999998",2020-02-02
2020-02-03,"-1,9068",2020-02-03
2020-02-04,"-1,3047",2020-02-04
2020-02-05,"-1,6821",2020-02-05
2020-02-06,"-0,9919",2020-02-06
2020-02-07,"-1,363",2020-02-07
2020-02-08,"-0,9433999999999998",2020-02-08
2020-02-09,"0,14220000000000005",2020-02-09
2020-02-10,"-0,7143999999999999",2020-02-10
2020-02-11,"-0,6819999999999999",2020-02-11
2020-02-12,"-0,3642999999999999",2020-02-12
2020-02-13,"-3,4951999999999996",2020-02-13
2020-02-14,"-1,6061999999999999",2020-02-14
2020-02-15,"0,42500000000000004",2020-02-15
2020-02-16,"-0,296",2020-02-16
2020-02-17,"-0,6052",2020-02-17
2020-02-18,"1,3873",2020-02-18
2020-02-19,"-1,8312",2020-02-19
2020-02-20,"-3,6677999999999997",2020-02-20
2020-02-21,"-1,8573",2020-02-21
2020-02-22,"-0,9087999999999999",2020-02-22
2020-02-23,"-1,2550999999999999",2020-02-23
2020-02-24,"0,8947",2020-02-24
2020-02-25,"-0,7109999999999999",2020-02-25
2020-02-26,"-2,1330999999999998",2020-02-26
2020-02-27,"-2,7678",2020-02-27
2020-02-28,"-2,7535",2020-02-28
2020-02-29,"-2,4265",2020-02-29
2020-03-01,"0,04400000000000004",2020-03-01
2020-03-02,"-2,316",2020-03-02
2020-03-03,"0,6774000000000001",2020-03-03
2020-03-04,"-0,7353",2020-03-04
2020-03-05,"-1,6163999999999998",2020-03-05
2020-03-06,"-1,8731",2020-03-06
2020-03-07,"-2,3165",2020-03-07
2020-03-08,"-3,3737",2020-03-08
2020-03-09,"-5,9611",2020-03-09
2020-03-10,"-24,618399999999998",2020-03-10
2020-03-11,"-33,9122",2020-03-11
2020-03-12,"-24,9228",2020-03-12
2020-03-13,"-35,8422",2020-03-13
2020-03-14,"-37,7942",2020-03-14
2020-03-15,"-14,1535",2020-03-15
2020-03-16,"-2,7977",2020-03-16
2020-03-17,"-4,6537999999999995",2020-03-17
2020-03-18,"-4,4174",2020-03-18
2020-03-19,"-8,7632",2020-03-19
2020-03-20,"-6,4521",2020-03-20
2020-03-21,"-5,8978",2020-03-21
2020-03-22,"-6,6579999999999995",2020-03-22
2020-03-23,"-8,2416",2020-03-23
2020-03-24,"-3,0284999999999997",2020-03-24
2020-03-25,"-6,036099999999999",2020-03-25
2020-03-26,"-8,0729",2020-03-26
2020-03-27,"-5,6612",2020-03-27
2020-03-28,"-2,6942",2020-03-28
2020-03-29,"-2,2184",2020-03-29
2020-03-30,"-7,6926",2020-03-30
2020-03-31,"-3,6776",2020-03-31
2020-04-01,"-4,0184999999999995",2020-04-01
2020-04-02,"-5,1831",2020-04-02
2020-04-03,"-3,3872",2020-04-03
2020-04-04,"-3,7368999999999994",2020-04-04
2020-04-05,"-4,1796",2020-04-05
2020-04-06,"-1,9684",2020-04-06
2020-04-07,"-4,7799",2020-04-07
2020-04-08,"-6,7009",2020-04-08
2020-04-09,"-5,2702",2020-04-09
2020-04-10,"-0,1382999999999998",2020-04-10
2020-04-11,"-4,900499999999999",2020-04-11
2020-04-12,"-5,5004",2020-04-12
2020-04-13,"-0,7283000000000001",2020-04-13
2020-04-14,"-2,4829",2020-04-14
2020-04-15,"-0,9427000000000001",2020-04-15
2020-04-16,"-1,8745999999999998",2020-04-16
2020-04-17,"-1,4833999999999998",2020-04-17
2020-04-18,"-3,8191",2020-04-18
2020-04-19,"-7,0009",2020-04-19
2020-04-20,"-4,5907",2020-04-20
2020-04-21,"-18,3718",2020-04-21
2020-04-22,"-5,1998",2020-04-22
2020-04-23,"-1,339",2020-04-23
2020-04-24,"-2,9438",2020-04-24
2020-04-25,"-4,1852",2020-04-25
2020-04-26,"-1,0394999999999999",2020-04-26
2020-04-27,"-4,5493",2020-04-27
2020-04-28,"-1,4215",2020-04-28
2020-04-29,"-2,2891",2020-04-29
2020-04-30,"-4,958399999999999",2020-04-30
2020-05-01,"-2,3207",2020-05-01
2020-05-02,"-2,7371",2020-05-02
2020-05-03,"-1,3865999999999998",2020-05-03
2020-05-04,"-2,1403",2020-05-04
2020-05-05,"-5,1277",2020-05-05
2020-05-06,"1,1409000000000002",2020-05-06
2020-05-07,"-2,5126999999999997",2020-05-07
2020-05-08,"-10,0193",2020-05-08
2020-05-09,"-3,0629999999999997",2020-05-09
2020-05-10,"-1,4581",2020-05-10
2020-05-11,"-1,7422",2020-05-11
2020-05-12,"-3,7310999999999996",2020-05-12
2020-05-13,"-1,8862999999999999",2020-05-13
2020-05-14,"-3,3663",2020-05-14
2020-05-15,"-2,3581",2020-05-15
2020-05-16,"-3,8331",2020-05-16
2020-05-17,"-3,0433999999999997",2020-05-17
2020-05-18,"-17,1927",2020-05-18
2020-05-19,"-8,6051",2020-05-19
2020-05-20,"-6,8458",2020-05-20
2020-05-21,"-3,4663",2020-05-21
2020-05-22,"-3,7405999999999997",2020-05-22
2020-05-23,"-2,0850999999999997",2020-05-23
2020-05-24,"-1,7977",2020-05-24
2020-05-25,"0,05870000000000014",2020-05-25
2020-05-26,"-2,9197999999999995",2020-05-26
2020-05-27,"0,5203",2020-05-27
2020-05-28,"0,08679999999999999",2020-05-28
2020-05-29,"-2,3693",2020-05-29
2020-05-30,"-1,7221",2020-05-30
2020-05-31,"-1,2075",2020-05-31
2020-06-01,"-1,6785999999999999",2020-06-01
2020-06-02,"-2,0092",2020-06-02
2020-06-03,"-1,6801",2020-06-03
2020-06-04,"0,5467",2020-06-04
2020-06-05,"-2,3333",2020-06-05
2020-06-06,"-1,2191999999999998",2020-06-06
2020-06-07,"-1,9956999999999998",2020-06-07
2020-06-08,"-3,0679999999999996",2020-06-08
2020-06-09,"-1,5873",2020-06-09
2020-06-10,"0,7948",2020-06-10
2020-06-11,"-1,6898",2020-06-11
2020-06-12,"-0,8714",2020-06-12
2020-06-13,"-1,5818",2020-06-13
2020-06-14,"-4,0956",2020-06-14
2020-06-15,"-5,1341",2020-06-15
2020-06-16,"0,3345",2020-06-16
2020-06-17,"-1,1779",2020-06-17
2020-06-18,"-1,7079999999999997",2020-06-18
2020-06-19,"-3,7677",2020-06-19
2020-06-20,"-2,0444",2020-06-20
2020-06-21,"-0,8275999999999999",2020-06-21
2020-06-22,"-1,3337999999999999",2020-06-22
2020-06-23,"-4,6047",2020-06-23
2020-06-24,"-2,1738999999999997",2020-06-24
2020-06-25,"-1,3759",2020-06-25
2020-06-26,"-2,8354",2020-06-26
2020-06-27,"-3,122",2020-06-27
2020-06-28,"-1,4146999999999998",2020-06-28
2020-06-29,"-1,8744999999999998",2020-06-29
2020-06-30,"-0,5404",2020-06-30
2020-07-01,"-1,3383",2020-07-01
2020-07-02,"-4,4614",2020-07-02
2020-07-03,"-3,7773",2020-07-03
2020-07-04,"-2,7923999999999998",2020-07-04
2020-07-05,"-2,0034",2020-07-05
2020-07-06,"-1,4762",2020-07-06
2020-07-07,"-2,7927",2020-07-07
2020-07-08,"-2,2525999999999997",2020-07-08
2020-07-09,"-2,0227999999999997",2020-07-09
2020-07-10,"-0,18819999999999987",2020-07-10
2020-07-11,"-0,7787",2020-07-11
2020-07-12,"-0,6959",2020-07-12
2020-07-13,"-1,0327",2020-07-13
2020-07-14,"-2,8937999999999997",2020-07-14
2020-07-15,"-3,3618",2020-07-15
2020-07-16,"-2,2237999999999998",2020-07-16
2020-07-17,"0,37150000000000005",2020-07-17
2020-07-18,"-1,6041999999999998",2020-07-18
2020-07-19,"-0,3137",2020-07-19
2020-07-20,"-0,0635",2020-07-20
2020-07-21,"-2,1781",2020-07-21
2020-07-22,"-0,8217999999999999",2020-07-22
2020-07-23,"-2,326",2020-07-23
2020-07-24,"-0,17659999999999998",2020-07-24
2020-07-25,"-1,1555",2020-07-25
2020-07-26,"-0,6555",2020-07-26
2020-07-27,"-1,2244",2020-07-27
2020-07-28,"-0,9986999999999999",2020-07-28
2020-07-29,"-1,7365",2020-07-29
2020-07-30,"-1,1052",2020-07-30
2020-07-31,"-0,22859999999999997",2020-07-31
2020-08-01,"-2,1414",2020-08-01
2020-08-02,"-1,5703",2020-08-02
2020-08-03,"0,7844",2020-08-03
2020-08-04,"0,21100000000000002",2020-08-04
2020-08-05,"-1,2157",2020-08-05
2020-08-06,"-2,3714",2020-08-06
2020-08-07,"-0,7458999999999998",2020-08-07
2020-08-08,"-0,4719999999999999",2020-08-08
2020-08-09,"0,2899",2020-08-09
2020-08-10,"-0,37239999999999995",2020-08-10
2020-08-11,"-0,7593999999999999",2020-08-11
2020-08-12,"-2,1391",2020-08-12
2020-08-13,"-1,4661999999999997",2020-08-13
2020-08-14,"-3,9225",2020-08-14
2020-08-15,"-0,23149999999999998",2020-08-15
2020-08-16,"-0,37309999999999993",2020-08-16
2020-08-17,"-3,7508",2020-08-17
2020-08-18,"-0,27599999999999997",2020-08-18
2020-08-19,"-4,8918",2020-08-19
2020-08-20,"-2,3317",2020-08-20
2020-08-21,"-1,5634",2020-08-21
2020-08-22,"-2,7146",2020-08-22
2020-08-23,"-2,0067",2020-08-23
2020-08-24,"-0,6781999999999999",2020-08-24
2020-08-25,"-2,4413",2020-08-25
2020-08-26,"-1,0509",2020-08-26
2020-08-27,"-3,2344",2020-08-27
2020-08-28,"-1,9788",2020-08-28
2020-08-29,"-1,7312999999999998",2020-08-29
2020-08-30,"0,6989000000000001",2020-08-30
2020-08-31,"-2,9459",2020-08-31
2020-09-01,"-4,0131",2020-09-01
2020-09-02,"-3,7205999999999997",2020-09-02
2020-09-03,"-0,3160999999999999",2020-09-03
2020-09-04,"-2,0963999999999996",2020-09-04
2020-09-05,"-0,31679999999999997",2020-09-05
2020-09-06,"0,04400000000000004",2020-09-06
2020-09-07,"-2,4623",2020-09-07
2020-09-08,"-0,9697999999999999",2020-09-08
2020-09-09,"0,3997000000000002",2020-09-09
2020-09-10,"-1,0035",2020-09-10
2020-09-11,"-1,4108",2020-09-11
2020-09-12,"-1,0747",2020-09-12
2020-09-13,"-1,0644",2020-09-13
2020-09-14,"-2,5957",2020-09-14
2020-09-15,"-4,0619",2020-09-15
2020-09-16,"-2,6318",2020-09-16
2020-09-17,"-0,17539999999999978",2020-09-17
2020-09-18,"-1,5089",2020-09-18
2020-09-19,"-2,3127999999999997",2020-09-19
2020-09-20,"0,3025000000000002",2020-09-20
2020-09-21,"-0,8836999999999999",2020-09-21
2020-09-22,"-1,4586999999999999",2020-09-22
2020-09-23,"-2,2491",2020-09-23
2020-09-24,"0,249",2020-09-24
2020-09-25,"-0,8725",2020-09-25
2020-09-26,"-0,9316",2020-09-26
2020-09-27,"-0,8683000000000001",2020-09-27
2020-09-28,"-0,6497999999999999",2020-09-28
2020-09-29,"-2,6359",2020-09-29
2020-09-30,"-2,0263",2020-09-30
2020-10-01,"0,46360000000000007",2020-10-01
2020-10-02,"-0,7451",2020-10-02
2020-10-03,"-1,4392",2020-10-03
2020-10-04,"-0,9568999999999999",2020-10-04
2020-10-05,"-0,25060000000000004",2020-10-05
2020-10-06,"-3,0277",2020-10-06
2020-10-07,"-0,8237999999999999",2020-10-07
2020-10-08,"1,3077",2020-10-08
2020-10-09,"-2,2657",2020-10-09
2020-10-10,"-1,0241",2020-10-10
2020-10-11,"-2,5652",2020-10-11
2020-10-12,"-0,8533999999999999",2020-10-12
2020-10-13,"-0,6415",2020-10-13
2020-10-14,"-0,8776999999999999",2020-10-14
2020-10-15,"0,68",2020-10-15
2020-10-16,"0,9107000000000001",2020-10-16
2020-10-17,"-1,3519",2020-10-17
2020-10-18,"0,7824",2020-10-18
2020-10-19,"-2,0848",2020-10-19
2020-10-20,"-1,3287999999999998",2020-10-20
2020-10-21,"-0,39469999999999983",2020-10-21
2020-10-22,"-2,8279",2020-10-22
2020-10-23,"0,5315000000000001",2020-10-23
2020-10-24,"-2,3015",2020-10-24
2020-10-25,"-0,4716",2020-10-25
2020-10-26,"-1,6356",2020-10-26
2020-10-27,"-1,5646",2020-10-27
2020-10-28,"-0,2882",2020-10-28
2020-10-29,"-1,3034999999999997",2020-10-29
2020-10-30,"-0,8399",2020-10-30
2020-10-31,"-5,717099999999999",2020-10-31
2020-11-01,"-5,024",2020-11-01
2020-11-02,"-0,7143999999999999",2020-11-02
2020-11-03,"0,07710000000000006",2020-11-03
2020-11-04,"-2,7107",2020-11-04
2020-11-05,"-1,6104",2020-11-05
2020-11-06,"-1,5139999999999998",2020-11-06
2020-11-07,"-3,0502",2020-11-07
2020-11-08,"-3,6708",2020-11-08
2020-11-09,"-1,1054999999999997",2020-11-09
2020-11-10,"-2,4701",2020-11-10
2020-11-11,"-1,9889999999999999",2020-11-11
2020-11-12,"-2,5970999999999997",2020-11-12
2020-11-13,"-3,2024",2020-11-13
2020-11-14,"-1,8569",2020-11-14
2020-11-15,"-0,9209",2020-11-15
2020-11-16,"-0,296",2020-11-16
2020-11-17,"0,5645",2020-11-17
2020-11-18,"-0,47009999999999996",2020-11-18
2020-11-19,"-2,0918",2020-11-19
2020-11-20,"0,6691",2020-11-20
2020-11-21,"-1,1186999999999998",2020-11-21
2020-11-22,"-2,1014",2020-11-22
2020-11-23,"-4,7448",2020-11-23
2020-11-24,"-2,2063",2020-11-24
2020-11-25,"-3,3283",2020-11-25
2020-11-26,"-0,8176",2020-11-26
2020-11-27,"0,3664",2020-11-27
2020-11-28,"-1,363",2020-11-28
2020-11-29,"-1,4923",2020-11-29
2020-11-30,"-0,3857999999999999",2020-11-30
2020-12-01,"-2,0669",2020-12-01
2020-12-02,"-0,5353999999999999",2020-12-02
2020-12-03,"0,8242",2020-12-03
2020-12-04,"-1,1494",2020-12-04
2020-12-05,"-11,3238",2020-12-05
2020-12-06,"0,6373000000000001",2020-12-06
2020-12-07,"-0,296",2020-12-07
2020-12-08,"-1,6762",2020-12-08
2020-12-09,"-1,2470999999999999",2020-12-09
2020-12-10,"-0,21610000000000007",2020-12-10
2020-12-11,"-0,6777",2020-12-11
2020-12-12,"-0,8065999999999998",2020-12-12
2020-12-13,"-2,7052",2020-12-13
2020-12-14,"-0,13619999999999993",2020-12-14
2020-12-15,"-2,7321999999999997",2020-12-15
2020-12-16,"-2,8331999999999997",2020-12-16
2020-12-17,"-0,2414",2020-12-17
2020-12-18,"0,0747000000000001",2020-12-18
2020-12-19,"0,7505000000000001",2020-12-19
2020-12-20,"0,2903",2020-12-20
2020-12-21,"0,17709999999999998",2020-12-21
2020-12-22,"-0,7204999999999999",2020-12-22
2020-12-23,"-1,7833999999999999",2020-12-23
2020-12-24,"-0,8879999999999999",2020-12-24
2020-12-25,"0,0",2020-12-25
2020-12-26,"0,4171",2020-12-26
2020-12-27,"-1,4871999999999999",2020-12-27
2020-12-28,"-1,7068999999999999",2020-12-28
2020-12-29,"-2,3013",2020-12-29
2020-12-30,"-1,3668",2020-12-30
2020-12-31,"-0,006099999999999994",2020-12-31
2021-01-01,"-0,15289999999999998",2021-01-01
2021-01-02,"0,07370000000000015",2021-01-02
2021-01-03,"-1,9261",2021-01-03
2021-01-04,"-1,6091",2021-01-04
2021-01-05,"1,0194",2021-01-05
2021-01-06,"-0,8534",2021-01-06
2021-01-07,"-0,44239999999999996",2021-01-07
2021-01-08,"-2,8099",2021-01-08
2021-01-09,"-1,2801",2021-01-09
2021-01-10,"-0,6681999999999999",2021-01-10
2021-01-11,"-2,8906",2021-01-11
2021-01-12,"-1,0295999999999998",2021-01-12
2021-01-13,"-0,3956999999999999",2021-01-13
2021-01-14,"-2,4597999999999995",2021-01-14
2021-01-15,"0,4238000000000001",2021-01-15
2021-01-16,"-2,3103",2021-01-16
2021-01-17,"-1,6606999999999998",2021-01-17
2021-01-18,"-1,4325999999999999",2021-01-18
2021-01-19,"-1,1894",2021-01-19
2021-01-20,"-0,6617999999999999",2021-01-20
2021-01-21,"-2,0637999999999996",2021-01-21
2021-01-22,"-2,8524000000000003",2021-01-22
2021-01-23,"-3,8769",2021-01-23
2021-01-24,"-2,5867",2021-01-24
2021-01-25,"-1,688",2021-01-25
2021-01-26,"-1,5835",2021-01-26
2021-01-27,"-1,7155",2021-01-27
2021-01-28,"-0,7862",2021-01-28
2021-01-29,"0,8939000000000001",2021-01-29
2021-01-30,"0,5211000000000001",2021-01-30
2021-01-31,"-0,1087999999999999",2021-01-31
2021-02-01,"-4,4814",2021-02-01
2021-02-02,"0,1648000000000001",2021-02-02
2021-02-03,"0,9909000000000001",2021-02-03
2021-02-04,"-2,711",2021-02-04
2021-02-05,"-2,4649",2021-02-05
2021-02-06,"-1,6468",2021-02-06
2021-02-07,"-0,17049999999999998",2021-02-07
2021-02-08,"-0,6555",2021-02-08
2021-02-09,"-0,296",2021-02-09
2021-02-10,"-1,3751",2021-02-10
2021-02-11,"-1,4454",2021-02-11
2021-02-12,"-0,09339999999999996",2021-02-12
2021-02-13,"-2,0469",2021-02-13
2021-02-14,"0,5859",2021-02-14
2021-02-15,"-0,4666999999999999",2021-02-15
2021-02-16,"-1,7021",2021-02-16
2021-02-17,"-2,7198",2021-02-17
2021-02-18,"-0,9730000000000001",2021-02-18
2021-02-19,"-2,7667",2021-02-19
2021-02-20,"0,6022000000000001",2021-02-20
2021-02-21,"-0,9656",2021-02-21
2021-02-22,"-3,8981999999999997",2021-02-22
2021-02-23,"-1,1637",2021-02-23
2021-02-24,"-1,1467999999999998",2021-02-24
2021-02-25,"-1,2748",2021-02-25
2021-02-26,"-0,7190000000000001",2021-02-26
2021-02-27,"-2,5523",2021-02-27
2021-02-28,"-0,3313",2021-02-28
2021-03-01,"-0,8755999999999999",2021-03-01
2021-03-02,"-2,512",2021-03-02
2021-03-03,"-1,0063",2021-03-03
2021-03-04,"-0,47169999999999995",2021-03-04
2021-03-05,"-1,7905",2021-03-05
2021-03-06,"-1,513",2021-03-06
2021-03-07,"-1,2102",2021-03-07
2021-03-08,"0,2899",2021-03-08
2021-03-09,"-0,296",2021-03-09
2021-03-10,"-0,4826999999999999",2021-03-10
2021-03-11,"-0,2404",2021-03-11
2021-03-12,"0,9374",2021-03-12
2021-03-13,"0,29580000000000006",2021-03-13
2021-03-14,"0,6642",2021-03-14
2021-03-15,"0,04400000000000004",2021-03-15
2021-03-16,"1,0157",2021-03-16
2021-03-17,"0,3182",2021-03-17
2021-03-18,"-0,3419",2021-03-18
2021-03-19,"-1,3693999999999997",2021-03-19
2021-03-20,"-2,1822999999999997",2021-03-20
2021-03-21,"-0,5567",2021-03-21
2021-03-22,"-1,1983",2021-03-22
2021-03-23,"1,3397000000000001",2021-03-23
2021-03-24,"-1,0817999999999999",2021-03-24
2021-03-25,"-0,6703999999999999",2021-03-25
2021-03-26,"0,35150000000000003",2021-03-26
2021-03-27,"0,46520000000000006",2021-03-27
2021-03-28,"-0,7573999999999999",2021-03-28
2021-03-29,"0,04079999999999995",2021-03-29
2021-03-30,"-2,1743",2021-03-30
2021-03-31,"-0,592",2021-03-31
2021-04-01,"-0,4838999999999999",2021-04-01
2021-04-02,"-0,8005",2021-04-02
2021-04-03,"-0,6692",2021-04-03
2021-04-04,"-0,17560000000000003",2021-04-04
2021-04-05,"-0,6080999999999999",2021-04-05
2021-04-06,"-0,27619999999999995",2021-04-06
2021-04-07,"-2,5547999999999997",2021-04-07
2021-04-08,"-1,0671",2021-04-08
2021-04-09,"-1,2456999999999998",2021-04-09
2021-04-10,"-0,592",2021-04-10
2021-04-11,"0,0",2021-04-11
2021-04-12,"-2,847",2021-04-12
2021-04-13,"-1,4635",2021-04-13
2021-04-14,"0,11700000000000005",2021-04-14
2021-04-15,"-0,12609999999999988",2021-04-15
2021-04-16,"-2,4076999999999997",2021-04-16
2021-04-17,"-1,3834",2021-04-17
2021-04-18,"-0,901",2021-04-18
2021-04-19,"-1,1585999999999999",2021-04-19
2021-04-20,"-1,7034",2021-04-20
2021-04-21,"-2,1519",2021-04-21
2021-04-22,"-1,1511",2021-04-22
2021-04-23,"-0,48929999999999996",2021-04-23
2021-04-24,"-0,8729",2021-04-24
2021-04-25,"-0,296",2021-04-25
2021-04-26,"0,8301000000000001",2021-04-26
2021-04-27,"-1,9445999999999999",2021-04-27
2021-04-28,"-0,8879999999999999",2021-04-28
2021-04-29,"-1,6858",2021-04-29
2021-04-30,"-2,2016",2021-04-30
2021-05-01,"-0,9209",2021-05-01
2021-05-02,"-1,6099999999999999",2021-05-02
2021-05-03,"-2,0917",2021-05-03
2021-05-04,"-1,1068",2021-05-04
2021-05-05,"-0,592",2021-05-05
2021-05-06,"0,9058",2021-05-06
2021-05-07,"-0,46549999999999997",2021-05-07
2021-05-08,"-0,12359999999999996",2021-05-08
2021-05-09,"-0,8227",2021-05-09
2021-05-10,"-1,8910999999999998",2021-05-10
2021-05-11,"-0,17049999999999998",2021-05-11
2021-05-12,"-1,4514999999999998",2021-05-12
2021-05-13,"-0,7535999999999999",2021-05-13
2021-05-14,"0,4461000000000001",2021-05-14
2021-05-15,"-0,9645999999999999",2021-05-15
2021-05-16,"-0,296",2021-05-16
2021-05-17,"-0,9214",2021-05-17
2021-05-18,"-0,8879999999999999",2021-05-18
2021-05-19,"-1,5089",2021-05-19
2021-05-20,"-0,296",2021-05-20
2021-05-21,"0,38400000000000006",2021-05-21
2021-05-22,"-0,5134",2021-05-22
2021-05-23,"-1,5476999999999999",2021-05-23
2021-05-24,"0,3004",2021-05-24
2021-05-25,"-1,7020999999999997",2021-05-25
2021-05-26,"1,1597",2021-05-26
2021-05-27,"-1,9205999999999999",2021-05-27
2021-05-28,"0,30340000000000006",2021-05-28
2021-05-29,"-0,37190000000000006",2021-05-29
2021-05-30,"0,0",2021-05-30
2021-05-31,"0,6869000000000001",2021-05-31
2021-06-01,"0,03010000000000007",2021-06-01
2021-06-02,"-0,7249",2021-06-02
2021-06-03,"-1,9503",2021-06-03
2021-06-04,"0,0",2021-06-04
2021-06-05,"-0,43019999999999986",2021-06-05
2021-06-06,"-1,1618",2021-06-06
2021-06-07,"-0,6446",2021-06-07
2021-06-08,"-0,4787999999999999",2021-06-08
2021-06-09,"-2,5882",2021-06-09
2021-06-10,"-1,7414",2021-06-10
2021-06-11,"-1,4479",2021-06-11
2021-06-12,"-0,6759999999999999",2021-06-12
2021-06-13,"-0,2885999999999999",2021-06-13
2021-06-14,"-2,6914",2021-06-14
2021-06-15,"-0,6159000000000001",2021-06-15
2021-06-16,"-0,25199999999999995",2021-06-16
2021-06-17,"0,2854000000000001",2021-06-17
2021-06-18,"-0,24439999999999998",2021-06-18
2021-06-19,"-0,42949999999999994",2021-06-19
2021-06-20,"-2,0735",2021-06-20
2021-06-21,"-0,2904",2021-06-21
2021-06-22,"-0,7259",2021-06-22
2021-06-23,"-1,1054",2021-06-23
2021-06-24,"0,9505000000000001",2021-06-24
2021-06-25,"-0,6072",2021-06-25
2021-06-26,"-0,24259999999999995",2021-06-26
2021-06-27,"0,296",2021-06-27
2021-06-28,"-0,8879999999999999",2021-06-28
2021-06-29,"0,24190000000000006",2021-06-29
2021-06-30,"-0,3136",2021-06-30
2021-07-01,"-0,8763000000000001",2021-07-01
2021-07-02,"-1,9956999999999998",2021-07-02
2021-07-03,"-1,1954",2021-07-03
2021-07-04,"0,016699999999999937",2021-07-04
2021-07-05,"-0,322",2021-07-05
2021-07-06,"0,5028",2021-07-06
2021-07-07,"-0,8227",2021-07-07
2021-07-08,"-2,1898999999999997",2021-07-08
2021-07-09,"-0,7413000000000001",2021-07-09
2021-07-10,"0,09869999999999995",2021-07-10
2021-07-11,"0,05920000000000003",2021-07-11
2021-07-12,"-1,6602999999999999",2021-07-12
2021-07-13,"-0,2369999999999999",2021-07-13
2021-07-14,"-0,10230000000000006",2021-07-14
2021-07-15,"-1,6331",2021-07-15
2021-07-16,"-0,296",2021-07-16
2021-07-17,"-1,1931999999999998",2021-07-17
2021-07-18,"0,0",2021-07-18
2021-07-19,"-3,6266999999999996",2021-07-19
2021-07-20,"0,10060000000000002",2021-07-20
2021-07-21,"1,1039",2021-07-21
2021-07-22,"1,0121",2021-07-22
2021-07-23,"-1,197",2021-07-23
2021-07-24,"-2,9438",2021-07-24
2021-07-25,"-0,296",2021-07-25
2021-07-26,"-0,413",2021-07-26
2021-07-27,"-2,0998",2021-07-27
2021-07-28,"0,04400000000000004",2021-07-28
2021-07-29,"2,0849",2021-07-29
2021-07-30,"-1,3858",2021-07-30
2021-07-31,"-2,5648",2021-07-31
2021-08-01,"-0,25",2021-08-01
2021-08-02,"-1,3799000000000001",2021-08-02
2021-08-03,"-0,5574",2021-08-03
2021-08-04,"-0,296",2021-08-04
2021-08-05,"-1,5023",2021-08-05
2021-08-06,"0,4905",2021-08-06
2021-08-07,"0,34",2021-08-07
2021-08-08,"-0,7710999999999999",2021-08-08
2021-08-09,"-0,8227",2021-08-09
2021-08-10,"0,15749999999999997",2021-08-10
2021-08-11,"0,3736000000000001",2021-08-11
2021-08-12,"-0,6811",2021-08-12
2021-08-13,"-0,44649999999999995",2021-08-13
2021-08-14,"-3,0574999999999997",2021-08-14
2021-08-15,"0,11290000000000011",2021-08-15
2021-08-16,"-1,6938",2021-08-16
2021-08-17,"-0,5479999999999999",2021-08-17
2021-08-18,"-2,3064999999999998",2021-08-18
2021-08-19,"-1,9809",2021-08-19
2021-08-20,"-0,2584",2021-08-20
2021-08-21,"-8,2427",2021-08-21
2021-08-22,"-1,4153",2021-08-22
2021-08-23,"-1,0759999999999998",2021-08-23
2021-08-24,"-2,9008",2021-08-24
2021-08-25,"-1,9721",2021-08-25
2021-08-26,"0,21850000000000003",2021-08-26
2021-08-27,"-2,4844999999999997",2021-08-27
2021-08-28,"-1,4376",2021-08-28
2021-08-29,"-0,7995999999999999",2021-08-29
2021-08-30,"-2,151",2021-08-30
2021-08-31,"-0,16519999999999985",2021-08-31
2021-09-01,"-1,6320999999999999",2021-09-01
2021-09-02,"-2,174",2021-09-02
2021-09-03,"-1,0785",2021-09-03
2021-09-04,"-2,3409",2021-09-04
2021-09-05,"-0,592",2021-09-05
2021-09-06,"-0,8879999999999999",2021-09-06
2021-09-07,"-1,3738",2021-09-07
2021-09-08,"-1,4850999999999999",2021-09-08
2021-09-09,"-0,6198999999999999",2021-09-09
2021-09-10,"-1,522",2021-09-10
2021-09-11,"-0,7126999999999998",2021-09-11
2021-09-12,"0,5522",2021-09-12
2021-09-13,"1,6165",2021-09-13
2021-09-14,"-0,11920000000000001",2021-09-14
2021-09-15,"-0,7598",2021-09-15
2021-09-16,"0,2932000000000001",2021-09-16
2021-09-17,"-0,47129999999999994",2021-09-17
2021-09-18,"-0,3591",2021-09-18
2021-09-19,"-1,4318",2021-09-19
2021-09-20,"-0,6696",2021-09-20
2021-09-21,"-3,1266999999999996",2021-09-21
2021-09-22,"-0,296",2021-09-22
2021-09-23,"-4,083",2021-09-23
2021-09-24,"-0,46429999999999993",2021-09-24
2021-09-25,"0,6465000000000001",2021-09-25
2021-09-26,"-1,6873999999999998",2021-09-26
2021-09-27,"-0,5340999999999999",2021-09-27
2021-09-28,"0,8170999999999999",2021-09-28
2021-09-29,"-2,8853999999999997",2021-09-29
2021-09-30,"-0,03559999999999991",2021-09-30
2021-10-01,"-0,6555",2021-10-01
2021-10-02,"-1,3463999999999998",2021-10-02
2021-10-03,"-1,9721",2021-10-03
2021-10-04,"-1,9716",2021-10-04
2021-10-05,"-0,6142",2021-10-05
2021-10-06,"-0,5632999999999999",2021-10-06
2021-10-07,"-0,8740999999999998",2021-10-07
2021-10-08,"-0,9656",2021-10-08
2021-10-09,"-2,3354",2021-10-09
2021-10-10,"1,1153",2021-10-10
2021-10-11,"-0,5309999999999998",2021-10-11
2021-10-12,"0,8954",2021-10-12
2021-10-13,"-0,8227",2021-10-13
2021-10-14,"-1,6722",2021-10-14
2021-10-15,"-1,8735",2021-10-15
2021-10-16,"-4,2399",2021-10-16
2021-10-17,"-0,592",2021-10-17
2021-10-18,"-1,0705",2021-10-18
2021-10-19,"-0,7641",2021-10-19
2021-10-20,"-0,4403999999999999",2021-10-20
2021-10-21,"0,2705000000000001",2021-10-21
2021-10-22,"-1,5647",2021-10-22
2021-10-23,"-0,18969999999999992",2021-10-23
2021-10-24,"-0,13789999999999997",2021-10-24
2021-10-25,"0,27649999999999997",2021-10-25
2021-10-26,"-2,0866",2021-10-26
2021-10-27,"-0,5976999999999999",2021-10-27
2021-10-28,"-0,8879999999999999",2021-10-28
2021-10-29,"0,5211000000000001",2021-10-29
2021-10-30,"-2,0328",2021-10-30
2021-10-31,"-0,7787",2021-10-31
2021-11-01,"-0,8879999999999999",2021-11-01
2021-11-02,"-0,592",2021-11-02
2021-11-03,"-0,9002999999999999",2021-11-03
2021-11-04,"-0,7002999999999999",2021-11-04
2021-11-05,"0,1059",2021-11-05
2021-11-06,"-0,592",2021-11-06
2021-11-07,"-0,5267",2021-11-07
2021-11-08,"-0,8454999999999999",2021-11-08
2021-11-09,"-0,7504",2021-11-09
2021-11-10,"-0,6507",2021-11-10
2021-11-11,"-0,29139999999999994",2021-11-11
2021-11-12,"-3,0246999999999997",2021-11-12
2021-11-13,"-1,3064",2021-11-13
2021-11-14,"-0,3882",2021-11-14
2021-11-15,"0,04400000000000004",2021-11-15
2021-11-16,"-0,2556",2021-11-16
2021-11-17,"0,49939999999999996",2021-11-17
2021-11-18,"-1,0751",2021-11-18
2021-11-19,"-1,8356999999999999",2021-11-19
2021-11-20,"-1,107",2021-11-20
2021-11-21,"-1,2105",2021-11-21
2021-11-22,"-1,589",2021-11-22
2021-11-23,"0,9596",2021-11-23
2021-11-24,"-1,8186",2021-11-24
2021-11-25,"1,0465",2021-11-25
2021-11-26,"-2,1111",2021-11-26
2021-11-27,"-0,7711",2021-11-27
2021-11-28,"-2,0804",2021-11-28
2021-11-29,"0,6936",2021-11-29
2021-11-30,"-1,5688",2021-11-30
2021-12-01,"-1,0211999999999999",2021-12-01
2021-12-02,"-0,9356",2021-12-02
2021-12-03,"0,11950000000000005",2021-12-03
2021-12-04,"-0,8534",2021-12-04
2021-12-05,"0,7182000000000001",2021-12-05
2021-12-06,"0,0",2021-12-06
2021-12-07,"-1,3016",2021-12-07
2021-12-08,"-0,8227",2021-12-08
2021-12-09,"-1,0865",2021-12-09
2021-12-10,"-0,4310999999999999",2021-12-10
2021-12-11,"0,04400000000000004",2021-12-11
2021-12-12,"0,0",2021-12-12
2021-12-13,"0,0",2021-12-13
2021-12-14,"0,0772",2021-12-14
2021-12-15,"-0,9656",2021-12-15
2021-12-16,"-0,5574",2021-12-16
2021-12-17,"0,43660000000000004",2021-12-17
2021-12-18,"-0,5616",2021-12-18
2021-12-19,"-0,13719999999999993",2021-12-19
2021-12-20,"-0,6348",2021-12-20
2021-12-21,"-0,6379999999999999",2021-12-21
2021-12-22,"-3,6586",2021-12-22
2021-12-23,"-1,4677",2021-12-23
2021-12-24,"0,9751000000000001",2021-12-24
2021-12-25,"0,4939",2021-12-25
2021-12-26,"-0,592",2021-12-26
2021-12-27,"-1,2382",2021-12-27
2021-12-28,"-0,9094",2021-12-28
2021-12-29,"-0,38739999999999997",2021-12-29
2021-12-30,"-1,313",2021-12-30
2021-12-31,"-0,26750000000000007",2021-12-31
2022-01-01,"-0,40119999999999995",2022-01-01
2022-01-02,"-0,2136",2022-01-02
2022-01-03,"-0,5404",2022-01-03
2022-01-04,"-4,3888",2022-01-04
2022-01-05,"-1,5011999999999999",2022-01-05
2022-01-06,"-0,9596",2022-01-06
2022-01-07,"-0,7832999999999999",2022-01-07
2022-01-08,"-0,8306",2022-01-08
2022-01-09,"-2,0667",2022-01-09
2022-01-10,"-0,24439999999999998",2022-01-10
2022-01-11,"0,4138",2022-01-11
2022-01-12,"-0,296",2022-01-12
2022-01-13,"-1,6904",2022-01-13
2022-01-14,"-1,2131999999999996",2022-01-14
2022-01-15,"-1,4466999999999999",2022-01-15
2022-01-16,"-1,1494",2022-01-16
2022-01-17,"-1,1554999999999997",2022-01-17
2022-01-18,"-0,7741",2022-01-18
2022-01-19,"-0,5574",2022-01-19
2022-01-20,"0,0",2022-01-20
2022-01-21,"-0,23189999999999988",2022-01-21
2022-01-22,"-1,1471",2022-01-22
2022-01-23,"0,4939",2022-01-23
2022-01-24,"0,9760000000000001",2022-01-24
2022-01-25,"-1,1034",2022-01-25
2022-01-26,"-0,296",2022-01-26
2022-01-27,"-0,028899999999999926",2022-01-27
2022-01-28,"0,29919999999999997",2022-01-28
2022-01-29,"-1,8066",2022-01-29
2022-01-30,"-0,5267",2022-01-30
2022-01-31,"-0,296",2022-01-31
2022-02-01,"-1,3541999999999998",2022-02-01
2022-02-02,"-1,8229",2022-02-02
2022-02-03,"-1,7326000000000001",2022-02-03
2022-02-04,"0,0939000000000001",2022-02-04
2022-02-05,"-0,8227",2022-02-05
2022-02-06,"0,6306",2022-02-06
2022-02-07,"-1,4284",2022-02-07
2022-02-08,"-0,7742",2022-02-08
2022-02-09,"-0,4723",2022-02-09
2022-02-10,"-2,3708",2022-02-10
2022-02-11,"-1,5591999999999997",2022-02-11
2022-02-12,"0,9751000000000001",2022-02-12
2022-02-13,"0,0",2022-02-13
2022-02-14,"-0,24439999999999998",2022-02-14
2022-02-15,"0,6132000000000001",2022-02-15
2022-02-16,"-2,3785",2022-02-16
2022-02-17,"-1,6419",2022-02-17
2022-02-18,"0,8657",2022-02-18
2022-02-19,"0,1925",2022-02-19
2022-02-20,"-0,296",2022-02-20
2022-02-21,"0,24630000000000002",2022-02-21
2022-02-22,"-0,22529999999999994",2022-02-22
2022-02-23,"-0,8813",2022-02-23
2022-02-24,"0,11330000000000007",2022-02-24
2022-02-25,"-0,296",2022-02-25
2022-02-26,"0,0",2022-02-26
2022-02-27,"-1,0743",2022-02-27
2022-02-28,"0,38400000000000006",2022-02-28
2022-03-01,"1,2358",2022-03-01
2022-03-02,"0,08800000000000008",2022-03-02
2022-03-03,"-0,47169999999999995",2022-03-03
2022-03-04,"-0,9022000000000001",2022-03-04
2022-03-05,"-3,207",2022-03-05
2022-03-06,"-1,8037",2022-03-06
2022-03-07,"-4,3755",2022-03-07
2022-03-08,"-2,0156",2022-03-08
2022-03-09,"-4,7362",2022-03-09
2022-03-10,"-2,4786",2022-03-10
2022-03-11,"-4,1681",2022-03-11
2022-03-12,"-6,2606",2022-03-12
2022-03-13,"-1,4914999999999998",2022-03-13
2022-03-14,"-0,46579999999999994",2022-03-14
2022-03-15,"-2,7145",2022-03-15
2022-03-16,"-0,038900000000000046",2022-03-16
2022-03-17,"-3,2426",2022-03-17
2022-03-18,"-3,6247999999999996",2022-03-18
2022-03-19,"-0,9139999999999999",2022-03-19
2022-03-20,"-0,5479999999999999",2022-03-20
2022-03-21,"-2,3203",2022-03-21
2022-03-22,"-6,120699999999999",2022-03-22
2022-03-23,"-9,034099999999999",2022-03-23
2022-03-24,"-7,4734",2022-03-24
2022-03-25,"-3,304",2022-03-25
2022-03-26,"-3,1803",2022-03-26
2022-03-27,"-5,096699999999999",2022-03-27
2022-03-28,"-7,4932",2022-03-28
2022-03-29,"-2,3891999999999998",2022-03-29
2022-03-30,"-1,9256",2022-03-30
2022-03-31,"0,20550000000000002",2022-03-31
2022-04-01,"-1,0392",2022-04-01
2022-04-02,"-2,5143999999999997",2022-04-02
2022-04-03,"-0,25199999999999995",2022-04-03
2022-04-04,"0,8455999999999999",2022-04-04
2022-04-05,"-0,5630999999999999",2022-04-05
2022-04-06,"-1,9237",2022-04-06
2022-04-07,"-0,7404999999999999",2022-04-07
2022-04-08,"-3,2154",2022-04-08
2022-04-09,"-1,6454",2022-04-09
2022-04-10,"-0,592",2022-04-10
2022-04-11,"-1,4707",2022-04-11
2022-04-12,"-2,6353",2022-04-12
2022-04-13,"0,25050000000000006",2022-04-13
2022-04-14,"-0,5192999999999999",2022-04-14
2022-04-15,"-1,1187",2022-04-15
2022-04-16,"-1,0688",2022-04-16
2022-04-17,"-0,44889999999999997",2022-04-17
2022-04-18,"-1,3542999999999998",2022-04-18
2022-04-19,"-2,9993",2022-04-19
2022-04-20,"-10,5814",2022-04-20
2022-04-21,"-5,1701",2022-04-21
2022-04-22,"-2,4718999999999998",2022-04-22
2022-04-23,"-2,8824",2022-04-23
2022-04-24,"0,0",2022-04-24
2022-04-25,"-0,14289999999999997",2022-04-25
2022-04-26,"-1,9346999999999999",2022-04-26
2022-04-27,"-1,5378",2022-04-27
2022-04-28,"1,7266000000000004",2022-04-28
2022-04-29,"-2,0387",2022-04-29
2022-04-30,"0,0631000000000001",2022-04-30
2022-05-01,"-0,8879999999999999",2022-05-01
2022-05-02,"-2,7264",2022-05-02
2022-05-03,"-0,32999999999999996",2022-05-03
2022-05-04,"-0,0509",2022-05-04
2022-05-05,"-0,5502",2022-05-05
2022-05-06,"-0,39990000000000003",2022-05-06
2022-05-07,"-2,9222",2022-05-07
2022-05-08,"-1,1582",2022-05-08
2022-05-09,"-2,0714",2022-05-09
2022-05-10,"-1,1903",2022-05-10
2022-05-11,"-2,7505",2022-05-11
2022-05-12,"-0,4871",2022-05-12
2022-05-13,"-0,6292",2022-05-13
2022-05-14,"0,6419",2022-05-14
2022-05-15,"-0,18669999999999992",2022-05-15
2022-05-16,"0,3289",2022-05-16
2022-05-17,"-0,09739999999999993",2022-05-17
2022-05-18,"-1,072",2022-05-18
2022-05-19,"0,42240000000000005",2022-05-19
2022-05-20,"-1,2368999999999999",2022-05-20
2022-05-21,"-1,2521999999999998",2022-05-21
2022-05-22,"-1,0347",2022-05-22
2022-05-23,"-0,296",2022-05-23
2022-05-24,"-2,2374",2022-05-24
2022-05-25,"-0,6903",2022-05-25
2022-05-26,"-1,8726",2022-05-26
2022-05-27,"-2,2217000000000002",2022-05-27
2022-05-28,"-1,1242999999999999",2022-05-28
2022-05-29,"-1,9156999999999997",2022-05-29
2022-05-30,"-3,0528",2022-05-30
2022-05-31,"0,9381000000000002",2022-05-31
2022-06-01,"-3,9044",2022-06-01
2022-06-02,"-2,0374",2022-06-02
2022-06-03,"0,1566999999999999",2022-06-03
2022-06-04,"-1,1867999999999999",2022-06-04
2022-06-05,"-0,9106999999999998",2022-06-05
2022-06-06,"-0,8439999999999999",2022-06-06
2022-06-07,"-0,5059999999999999",2022-06-07
2022-06-08,"0,68",2022-06-08
2022-06-09,"-1,7759999999999998",2022-06-09
2022-06-10,"-2,0783",2022-06-10
2022-06-11,"-1,0052999999999999",2022-06-11
2022-06-12,"-1,5877",2022-06-12
2022-06-13,"-0,9341999999999999",2022-06-13
2022-06-14,"-0,3534999999999999",2022-06-14
2022-06-15,"-1,7396",2022-06-15
2022-06-16,"0,8405999999999999",2022-06-16
2022-06-17,"-2,2241999999999997",2022-06-17
2022-06-18,"-2,0488",2022-06-18
2022-06-19,"-1,9388",2022-06-19
2022-06-20,"-0,1901",2022-06-20
2022-06-21,"-0,296",2022-06-21
2022-06-22,"-2,8486",2022-06-22
2022-06-23,"0,4537000000000001",2022-06-23
2022-06-24,"-1,0287",2022-06-24
2022-06-25,"-1,0747",2022-06-25
2022-06-26,"-0,424",2022-06-26
2022-06-27,"-1,2923",2022-06-27
2022-06-28,"-1,4808",2022-06-28
2022-06-29,"-0,7885999999999999",2022-06-29
2022-06-30,"-0,044399999999999995",2022-06-30
2022-07-01,"-1,7464",2022-07-01
2022-07-02,"-1,3732",2022-07-02
2022-07-03,"-0,592",2022-07-03
2022-07-04,"-1,1839",2022-07-04
2022-07-05,"-0,4827999999999999",2022-07-05
2022-07-06,"-1,184",2022-07-06
2022-07-07,"-2,4112999999999998",2022-07-07
2022-07-08,"-1,4146999999999998",2022-07-08
2022-07-09,"0,19740000000000002",2022-07-09
2022-07-10,"0,7138",2022-07-10
2022-07-11,"-1,5255999999999998",2022-07-11
2022-07-12,"-1,7227",2022-07-12
2022-07-13,"0,296",2022-07-13
2022-07-14,"-0,6201",2022-07-14
2022-07-15,"-0,5499999999999998",2022-07-15
2022-07-16,"-1,8954",2022-07-16
2022-07-17,"0,04400000000000004",2022-07-17
2022-07-18,"0,2435000000000001",2022-07-18
2022-07-19,"-2,0161",2022-07-19
2022-07-20,"-2,1914",2022-07-20
2022-07-21,"-0,7575999999999999",2022-07-21
2022-07-22,"-0,6899",2022-07-22
2022-07-23,"-2,2184",2022-07-23
2022-07-24,"-0,7274",2022-07-24
2022-07-25,"-0,7261",2022-07-25
2022-07-26,"-0,9656",2022-07-26
2022-07-27,"-1,1963",2022-07-27
2022-07-28,"-1,0453999999999999",2022-07-28
2022-07-29,"-0,13259999999999994",2022-07-29
2022-07-30,"0,636",2022-07-30
2022-07-31,"-2,4880999999999998",2022-07-31
2022-08-01,"0,241",2022-08-01
2022-08-02,"-2,3766",2022-08-02
2022-08-03,"0,4102",2022-08-03
2022-08-04,"-1,119",2022-08-04
2022-08-05,"-1,325",2022-08-05
2022-08-06,"-0,24779999999999974",2022-08-06
2022-08-07,"-0,049699999999999966",2022-08-07
2022-08-08,"0,12520000000000003",2022-08-08
2022-08-09,"-0,3431999999999999",2022-08-09
2022-08-10,"-2,2016",2022-08-10
2022-08-11,"-0,5692999999999999",2022-08-11
2022-08-12,"-0,06520000000000004",2022-08-12
2022-08-13,"-1,5457999999999998",2022-08-13
2022-08-14,"-0,592",2022-08-14
2022-08-15,"-2,5662",2022-08-15
2022-08-16,"-0,823",2022-08-16
2022-08-17,"-0,7623",2022-08-17
2022-08-18,"-2,0862999999999996",2022-08-18
2022-08-19,"-3,6444",2022-08-19
2022-08-20,"-2,4132",2022-08-20
2022-08-21,"-0,15039999999999998",2022-08-21
2022-08-22,"-1,2577",2022-08-22
2022-08-23,"-1,2616",2022-08-23
2022-08-24,"-2,8667",2022-08-24
2022-08-25,"-5,1231",2022-08-25
2022-08-26,"-1,2154999999999998",2022-08-26
2022-08-27,"-1,4243000000000001",2022-08-27
2022-08-28,"-2,356",2022-08-28
2022-08-29,"-1,4178",2022-08-29
2022-08-30,"-2,4713",2022-08-30
2022-08-31,"0,32460000000000006",2022-08-31
2022-09-01,"-0,3736",2022-09-01
2022-09-02,"0,09780000000000005",2022-09-02
2022-09-03,"0,0030999999999999917",2022-09-03
2022-09-04,"-0,7983",2022-09-04
2022-09-05,"-1,6074",2022-09-05
2022-09-06,"-6,3086",2022-09-06
2022-09-07,"-4,0611999999999995",2022-09-07
2022-09-08,"-2,8676",2022-09-08
2022-09-09,"-2,9567",2022-09-09
2022-09-10,"-1,3571",2022-09-10
2022-09-11,"-3,8097",2022-09-11
2022-09-12,"-0,8857999999999999",2022-09-12
2022-09-13,"-2,7375",2022-09-13
2022-09-14,"-2,6992",2022-09-14
2022-09-15,"-0,7243999999999999",2022-09-15
2022-09-16,"0,2131",2022-09-16
2022-09-17,"-0,8023",2022-09-17
2022-09-18,"-1,0943999999999998",2022-09-18
2022-09-19,"-0,264",2022-09-19
2022-09-20,"-1,3717",2022-09-20
2022-09-21,"0,0",2022-09-21
2022-09-22,"-2,615",2022-09-22
2022-09-23,"-0,9450999999999999",2022-09-23
2022-09-24,"-0,7095",2022-09-24
2022-09-25,"-0,5803",2022-09-25
2022-09-26,"-0,4618",2022-09-26
2022-09-27,"-1,4621",2022-09-27
2022-09-28,"-1,8011",2022-09-28
2022-09-29,"-2,3458",2022-09-29
2022-09-30,"1,3801",2022-09-30
2022-10-01,"-0,9396999999999998",2022-10-01
2022-10-02,"-1,6122",2022-10-02
2022-10-03,"-1,202",2022-10-03
2022-10-04,"-0,6696",2022-10-04
2022-10-05,"-0,4515",2022-10-05
2022-10-06,"-0,1437",2022-10-06
2022-10-07,"-0,37159999999999993",2022-10-07
2022-10-08,"-0,7582",2022-10-08
2022-10-09,"0,0",2022-10-09
2022-10-10,"-1,9786",2022-10-10
2022-10-11,"-0,30089999999999995",2022-10-11
2022-10-12,"-2,5766999999999998",2022-10-12
2022-10-13,"0,08200000000000002",2022-10-13
2022-10-14,"-2,8826",2022-10-14
2022-10-15,"-0,3466999999999999",2022-10-15
2022-10-16,"-1,5549",2022-10-16
2022-10-17,"-1,9035",2022-10-17
2022-10-18,"-1,9956",2022-10-18
2022-10-19,"-0,6260999999999999",2022-10-19
2022-10-20,"-0,49369999999999997",2022-10-20
2022-10-21,"-0,7913999999999999",2022-10-21
2022-10-22,"-0,16549999999999992",2022-10-22
2022-10-23,"-0,8645999999999999",2022-10-23
2022-10-24,"-1,2475",2022-10-24
2022-10-25,"-5,0001999999999995",2022-10-25
2022-10-26,"0,6299",2022-10-26
2022-10-27,"-0,7499999999999999",2022-10-27
2022-10-28,"-1,0840999999999998",2022-10-28
2022-10-29,"0,3683",2022-10-29
2022-10-30,"-1,1223",2022-10-30
2022-10-31,"-0,5469999999999999",2022-10-31
2022-11-01,"-3,6787",2022-11-01
2022-11-02,"-2,3569",2022-11-02
2022-11-03,"-0,9645999999999999",2022-11-03
2022-11-04,"-1,9572",2022-11-04
2022-11-05,"-1,0844999999999998",2022-11-05
2022-11-06,"-0,4008",2022-11-06
2022-11-07,"0,8653",2022-11-07
2022-11-08,"-0,9994999999999999",2022-11-08
2022-11-09,"-0,2951",2022-11-09
2022-11-10,"-2,5735",2022-11-10
2022-11-11,"-0,25199999999999995",2022-11-11
2022-11-12,"0,04400000000000004",2022-11-12
2022-11-13,"-2,0949",2022-11-13
2022-11-14,"-1,2549999999999997",2022-11-14
2022-11-15,"-0,9106000000000001",2022-11-15
2022-11-16,"-4,1056",2022-11-16
2022-11-17,"-1,9018",2022-11-17
2022-11-18,"-0,9058999999999999",2022-11-18
2022-11-19,"0,48310000000000003",2022-11-19
2022-11-20,"0,4137",2022-11-20
2022-11-21,"0,0",2022-11-21
