"fecha","count"
2017-01-01,5
2017-01-02,19
2017-01-03,19
2017-01-04,56
2017-01-05,30
2017-01-06,13
2017-01-07,20
2017-01-08,14
2017-01-09,24
2017-01-10,18
2017-01-11,28
2017-01-12,32
2017-01-13,22
2017-01-14,28
2017-01-15,20
2017-01-16,47
2017-01-17,34
2017-01-18,47
2017-01-19,48
2017-01-20,48
2017-01-21,78
2017-01-22,27
2017-01-23,51
2017-01-24,72
2017-01-25,74
2017-01-26,48
2017-01-27,54
2017-01-28,53
2017-01-29,30
2017-01-30,84
2017-01-31,72
2017-02-01,33
2017-02-02,27
2017-02-03,45
2017-02-04,26
2017-02-05,28
2017-02-06,53
2017-02-07,49
2017-02-08,51
2017-02-09,27
2017-02-10,50
2017-02-11,77
2017-02-12,84
2017-02-13,54
2017-02-14,45
2017-02-15,54
2017-02-16,51
2017-02-17,36
2017-02-18,38
2017-02-19,28
2017-02-20,48
2017-02-21,30
2017-02-22,69
2017-02-23,39
2017-02-24,63
2017-02-25,42
2017-02-26,27
2017-02-27,60
2017-02-28,72
2017-03-01,63
2017-03-02,210
2017-03-03,144
2017-03-04,103
2017-03-05,54
2017-03-06,87
2017-03-07,58
2017-03-08,63
2017-03-09,63
2017-03-10,45
2017-03-11,33
2017-03-12,30
2017-03-13,61
2017-03-14,36
2017-03-15,39
2017-03-16,58
2017-03-17,33
2017-03-18,39
2017-03-19,33
2017-03-20,30
2017-03-21,69
2017-03-22,63
2017-03-23,76
2017-03-24,40
2017-03-25,69
2017-03-26,36
2017-03-27,45
2017-03-28,42
2017-03-29,54
2017-03-30,63
2017-03-31,57
2017-04-01,54
2017-04-02,18
2017-04-03,69
2017-04-04,60
2017-04-05,59
2017-04-06,48
2017-04-07,38
2017-04-08,40
2017-04-09,9
2017-04-10,48
2017-04-11,39
2017-04-12,51
2017-04-13,36
2017-04-14,12
2017-04-15,48
2017-04-16,21
2017-04-17,24
2017-04-18,24
2017-04-19,60
2017-04-20,54
2017-04-21,39
2017-04-22,60
2017-04-23,59
2017-04-24,47
2017-04-25,68
2017-04-26,42
2017-04-27,35
2017-04-28,54
2017-04-29,81
2017-04-30,21
2017-05-01,12
2017-05-02,33
2017-05-03,75
2017-05-04,58
2017-05-05,57
2017-05-06,81
2017-05-07,45
2017-05-08,60
2017-05-09,39
2017-05-10,42
2017-05-11,54
2017-05-12,39
2017-05-13,54
2017-05-14,26
2017-05-15,59
2017-05-16,48
2017-05-17,63
2017-05-18,51
2017-05-19,42
2017-05-20,50
2017-05-21,18
2017-05-22,63
2017-05-23,60
2017-05-24,39
2017-05-25,30
2017-05-26,54
2017-05-27,44
2017-05-28,29
2017-05-29,57
2017-05-30,54
2017-05-31,46
2017-06-01,99
2017-06-02,64
2017-06-03,60
2017-06-04,27
2017-06-05,45
2017-06-06,42
2017-06-07,72
2017-06-08,68
2017-06-09,60
2017-06-10,45
2017-06-11,42
2017-06-12,54
2017-06-13,57
2017-06-14,72
2017-06-15,48
2017-06-16,63
2017-06-17,51
2017-06-18,27
2017-06-19,63
2017-06-20,72
2017-06-21,62
2017-06-22,80
2017-06-23,81
2017-06-24,106
2017-06-25,42
2017-06-26,48
2017-06-27,60
2017-06-28,57
2017-06-29,48
2017-06-30,57
2017-07-01,79
2017-07-02,60
2017-07-03,57
2017-07-04,79
2017-07-05,44
2017-07-06,54
2017-07-07,45
2017-07-08,48
2017-07-09,48
2017-07-10,45
2017-07-11,54
2017-07-12,27
2017-07-13,84
2017-07-14,54
2017-07-15,70
2017-07-16,36
2017-07-17,47
2017-07-18,39
2017-07-19,46
2017-07-20,66
2017-07-21,54
2017-07-22,78
2017-07-23,36
2017-07-24,60
2017-07-25,39
2017-07-26,65
2017-07-27,51
2017-07-28,37
2017-07-29,64
2017-07-30,19
2017-07-31,57
2017-08-01,60
2017-08-02,59
2017-08-03,65
2017-08-04,57
2017-08-05,51
2017-08-06,24
2017-08-07,63
2017-08-08,42
2017-08-09,84
2017-08-10,84
2017-08-11,92
2017-08-12,57
2017-08-13,51
2017-08-14,94
2017-08-15,33
2017-08-16,60
2017-08-17,54
2017-08-18,74
2017-08-19,48
2017-08-20,30
2017-08-21,57
2017-08-22,98
2017-08-23,83
2017-08-24,49
2017-08-25,94
2017-08-26,78
2017-08-27,48
2017-08-28,99
2017-08-29,55
2017-08-30,75
2017-08-31,39
2017-09-01,75
2017-09-02,94
2017-09-03,41
2017-09-04,63
2017-09-05,42
2017-09-06,48
2017-09-07,87
2017-09-08,48
2017-09-09,105
2017-09-10,30
2017-09-11,51
2017-09-12,75
2017-09-13,92
2017-09-14,71
2017-09-15,69
2017-09-16,39
2017-09-17,48
2017-09-18,102
2017-09-19,51
2017-09-20,90
2017-09-21,66
2017-09-22,48
2017-09-23,53
2017-09-24,27
2017-09-25,54
2017-09-26,64
2017-09-27,81
2017-09-28,65
2017-09-29,45
2017-09-30,42
2017-10-01,18
2017-10-02,325
2017-10-03,369
2017-10-04,138
2017-10-05,112
2017-10-06,62
2017-10-07,60
2017-10-08,42
2017-10-09,89
2017-10-10,56
2017-10-11,45
2017-10-12,30
2017-10-13,76
2017-10-14,66
2017-10-15,24
2017-10-16,87
2017-10-17,63
2017-10-18,63
2017-10-19,63
2017-10-20,48
2017-10-21,63
2017-10-22,33
2017-10-23,66
2017-10-24,51
2017-10-25,75
2017-10-26,84
2017-10-27,63
2017-10-28,57
2017-10-29,33
2017-10-30,54
2017-10-31,42
2017-11-01,48
2017-11-02,60
2017-11-03,57
2017-11-04,69
2017-11-05,18
2017-11-06,60
2017-11-07,78
2017-11-08,46
2017-11-09,66
2017-11-10,78
2017-11-11,74
2017-11-12,36
2017-11-13,51
2017-11-14,51
2017-11-15,68
2017-11-16,75
2017-11-17,63
2017-11-18,42
2017-11-19,36
2017-11-20,66
2017-11-21,60
2017-11-22,30
2017-11-23,72
2017-11-24,45
2017-11-25,63
2017-11-26,15
2017-11-27,54
2017-11-28,42
2017-11-29,36
2017-11-30,75
2017-12-01,66
2017-12-02,42
2017-12-03,48
2017-12-04,51
2017-12-05,60
2017-12-06,42
2017-12-07,48
2017-12-08,36
2017-12-09,73
2017-12-10,30
2017-12-11,54
2017-12-12,54
2017-12-13,81
2017-12-14,60
2017-12-15,75
2017-12-16,87
2017-12-17,18
2017-12-18,48
2017-12-19,60
2017-12-20,33
2017-12-21,60
2017-12-22,24
2017-12-23,96
2017-12-24,51
2017-12-25,21
2017-12-26,51
2017-12-27,57
2017-12-28,59
2017-12-29,45
2017-12-30,116
2017-12-31,39
2018-01-01,9
2018-01-02,58
2018-01-03,69
2018-01-04,48
2018-01-05,54
2018-01-06,36
2018-01-07,45
2018-01-08,81
2018-01-09,60
2018-01-10,66
2018-01-11,33
2018-01-12,48
2018-01-13,77
2018-01-14,36
2018-01-15,45
2018-01-16,39
2018-01-17,60
2018-01-18,73
2018-01-19,54
2018-01-20,30
2018-01-21,27
2018-01-22,63
2018-01-23,66
2018-01-24,39
2018-01-25,66
2018-01-26,51
2018-01-27,45
2018-01-28,21
2018-01-29,51
2018-01-30,30
2018-01-31,30
2018-02-01,50
2018-02-02,51
2018-02-03,39
2018-02-04,39
2018-02-05,54
2018-02-06,37
2018-02-07,27
2018-02-08,69
2018-02-09,82
2018-02-10,69
2018-02-11,33
2018-02-12,51
2018-02-13,81
2018-02-14,50
2018-02-15,63
2018-02-16,51
2018-02-17,24
2018-02-18,45
2018-02-19,48
2018-02-20,84
2018-02-21,54
2018-02-22,70
2018-02-23,51
2018-02-24,53
2018-02-25,42
2018-02-26,20
2018-02-27,48
2018-02-28,45
2018-03-01,60
2018-03-02,51
2018-03-03,72
2018-03-04,36
2018-03-05,45
2018-03-06,53
2018-03-07,45
2018-03-08,59
2018-03-09,36
2018-03-10,45
2018-03-11,35
2018-03-12,57
2018-03-13,171
2018-03-14,60
2018-03-15,45
2018-03-16,66
2018-03-17,84
2018-03-18,39
2018-03-19,60
2018-03-20,67
2018-03-21,51
2018-03-22,67
2018-03-23,39
2018-03-24,45
2018-03-25,33
2018-03-26,51
2018-03-27,53
2018-03-28,33
2018-03-29,60
2018-03-30,33
2018-03-31,61
2018-04-01,30
2018-04-02,42
2018-04-03,61
2018-04-04,51
2018-04-05,60
2018-04-06,48
2018-04-07,54
2018-04-08,42
2018-04-09,63
2018-04-10,51
2018-04-11,48
2018-04-12,60
2018-04-13,51
2018-04-14,33
2018-04-15,30
2018-04-16,66
2018-04-17,90
2018-04-18,54
2018-04-19,57
2018-04-20,54
2018-04-21,57
2018-04-22,31
2018-04-23,45
2018-04-24,69
2018-04-25,122
2018-04-26,69
2018-04-27,33
2018-04-28,39
2018-04-29,15
2018-04-30,57
2018-05-01,34
2018-05-02,60
2018-05-03,54
2018-05-04,66
2018-05-05,42
2018-05-06,27
2018-05-07,54
2018-05-08,65
2018-05-09,72
2018-05-10,129
2018-05-11,78
2018-05-12,48
2018-05-13,27
2018-05-14,57
2018-05-15,53
2018-05-16,48
2018-05-17,60
2018-05-18,44
2018-05-19,57
2018-05-20,20
2018-05-21,99
2018-05-22,66
2018-05-23,60
2018-05-24,62
2018-05-25,51
2018-05-26,66
2018-05-27,39
2018-05-28,39
2018-05-29,57
2018-05-30,33
2018-05-31,48
2018-06-01,27
2018-06-02,41
2018-06-03,60
2018-06-04,91
2018-06-05,102
2018-06-06,57
2018-06-07,73
2018-06-08,58
2018-06-09,45
2018-06-10,42
2018-06-11,66
2018-06-12,54
2018-06-13,75
2018-06-14,61
2018-06-15,57
2018-06-16,48
2018-06-17,39
2018-06-18,63
2018-06-19,33
2018-06-20,54
2018-06-21,54
2018-06-22,39
2018-06-23,54
2018-06-24,45
2018-06-25,50
2018-06-26,99
2018-06-27,66
2018-06-28,81
2018-06-29,52
2018-06-30,72
2018-07-01,30
2018-07-02,88
2018-07-03,57
2018-07-04,69
2018-07-05,87
2018-07-06,60
2018-07-07,59
2018-07-08,42
2018-07-09,60
2018-07-10,30
2018-07-11,63
2018-07-12,63
2018-07-13,93
2018-07-14,51
2018-07-15,42
2018-07-16,48
2018-07-17,51
2018-07-18,90
2018-07-19,57
2018-07-20,66
2018-07-21,48
2018-07-22,39
2018-07-23,207
2018-07-24,87
2018-07-25,60
2018-07-26,73
2018-07-27,48
2018-07-28,57
2018-07-29,33
2018-07-30,42
2018-07-31,74
2018-08-01,69
2018-08-02,54
2018-08-03,69
2018-08-04,78
2018-08-05,45
2018-08-06,93
2018-08-07,111
2018-08-08,65
2018-08-09,54
2018-08-10,86
2018-08-11,57
2018-08-12,29
2018-08-13,60
2018-08-14,39
2018-08-15,33
2018-08-16,45
2018-08-17,48
2018-08-18,77
2018-08-19,42
2018-08-20,66
2018-08-21,78
2018-08-22,118
2018-08-23,60
2018-08-24,71
2018-08-25,51
2018-08-26,41
2018-08-27,108
2018-08-28,95
2018-08-29,54
2018-08-30,60
2018-08-31,88
2018-09-01,84
2018-09-02,30
2018-09-03,78
2018-09-04,63
2018-09-05,81
2018-09-06,64
2018-09-07,69
2018-09-08,64
2018-09-09,30
2018-09-10,108
2018-09-11,58
2018-09-12,84
2018-09-13,84
2018-09-14,72
2018-09-15,76
2018-09-16,48
2018-09-17,57
2018-09-18,69
2018-09-19,58
2018-09-20,54
2018-09-21,57
2018-09-22,39
2018-09-23,38
2018-09-24,50
2018-09-25,72
2018-09-26,87
2018-09-27,103
2018-09-28,48
2018-09-29,57
2018-09-30,58
2018-10-01,52
2018-10-02,75
2018-10-03,66
2018-10-04,57
2018-10-05,71
2018-10-06,51
2018-10-07,51
2018-10-08,60
2018-10-09,24
2018-10-10,63
2018-10-11,69
2018-10-12,36
2018-10-13,78
2018-10-14,33
2018-10-15,68
2018-10-16,57
2018-10-17,93
2018-10-18,84
2018-10-19,99
2018-10-20,73
2018-10-21,33
2018-10-22,74
2018-10-23,87
2018-10-24,77
2018-10-25,97
2018-10-26,41
2018-10-27,88
2018-10-28,27
2018-10-29,96
2018-10-30,171
2018-10-31,127
2018-11-01,45
2018-11-02,54
2018-11-03,62
2018-11-04,27
2018-11-05,66
2018-11-06,69
2018-11-07,75
2018-11-08,82
2018-11-09,69
2018-11-10,50
2018-11-11,18
2018-11-12,63
2018-11-13,67
2018-11-14,65
2018-11-15,87
2018-11-16,102
2018-11-17,57
2018-11-18,15
2018-11-19,33
2018-11-20,84
2018-11-21,63
2018-11-22,48
2018-11-23,63
2018-11-24,57
2018-11-25,30
2018-11-26,75
2018-11-27,56
2018-11-28,87
2018-11-29,81
2018-11-30,83
2018-12-01,35
2018-12-02,36
2018-12-03,36
2018-12-04,57
2018-12-05,66
2018-12-06,24
2018-12-07,52
2018-12-08,49
2018-12-09,36
2018-12-10,54
2018-12-11,78
2018-12-12,68
2018-12-13,39
2018-12-14,44
2018-12-15,60
2018-12-16,26
2018-12-17,42
2018-12-18,42
2018-12-19,32
2018-12-20,54
2018-12-21,52
2018-12-22,75
2018-12-23,73
2018-12-24,42
2018-12-25,12
2018-12-26,30
2018-12-27,42
2018-12-28,36
2018-12-29,45
2018-12-30,35
2018-12-31,92
2019-01-01,36
2019-01-02,84
2019-01-03,81
2019-01-04,91
2019-01-05,84
2019-01-06,48
2019-01-07,34
2019-01-08,69
2019-01-09,66
2019-01-10,50
2019-01-11,72
2019-01-12,60
2019-01-13,33
2019-01-14,100
2019-01-15,48
2019-01-16,51
2019-01-17,80
2019-01-18,54
2019-01-19,45
2019-01-20,54
2019-01-21,54
2019-01-22,79
2019-01-23,72
2019-01-24,42
2019-01-25,42
2019-01-26,63
2019-01-27,36
2019-01-28,57
2019-01-29,55
2019-01-30,62
2019-01-31,36
2019-02-01,57
2019-02-02,54
2019-02-03,48
2019-02-04,51
2019-02-05,86
2019-02-06,84
2019-02-07,69
2019-02-08,73
2019-02-09,102
2019-02-10,81
2019-02-11,88
2019-02-12,63
2019-02-13,72
2019-02-14,68
2019-02-15,54
2019-02-16,48
2019-02-17,48
2019-02-18,81
2019-02-19,83
2019-02-20,77
2019-02-21,59
2019-02-22,63
2019-02-23,42
2019-02-24,26
2019-02-25,78
2019-02-26,62
2019-02-27,42
2019-02-28,56
2019-03-01,54
2019-03-02,69
2019-03-03,50
2019-03-04,116
2019-03-05,130
2019-03-06,79
2019-03-07,30
2019-03-08,87
2019-03-09,54
2019-03-10,30
2019-03-11,58
2019-03-12,151
2019-03-13,124
2019-03-14,89
2019-03-15,78
2019-03-16,68
2019-03-17,57
2019-03-18,38
2019-03-19,39
2019-03-20,81
2019-03-21,48
2019-03-22,45
2019-03-23,36
2019-03-24,25
2019-03-25,78
2019-03-26,63
2019-03-27,57
2019-03-28,84
2019-03-29,78
2019-03-30,75
2019-03-31,30
2019-04-01,63
2019-04-02,90
2019-04-03,104
2019-04-04,95
2019-04-05,105
2019-04-06,92
2019-04-07,21
2019-04-08,57
2019-04-09,87
2019-04-10,51
2019-04-11,45
2019-04-12,91
2019-04-13,76
2019-04-14,39
2019-04-15,117
2019-04-16,109
2019-04-17,107
2019-04-18,93
2019-04-19,51
2019-04-20,48
2019-04-21,40
2019-04-22,78
2019-04-23,60
2019-04-24,63
2019-04-25,63
2019-04-26,66
2019-04-27,51
2019-04-28,24
2019-04-29,51
2019-04-30,60
2019-05-01,57
2019-05-02,81
2019-05-03,66
2019-05-04,90
2019-05-05,60
2019-05-06,89
2019-05-07,87
2019-05-08,60
2019-05-09,66
2019-05-10,75
2019-05-11,55
2019-05-12,34
2019-05-13,85
2019-05-14,68
2019-05-15,80
2019-05-16,75
2019-05-17,66
2019-05-18,60
2019-05-19,58
2019-05-20,81
2019-05-21,57
2019-05-22,99
2019-05-23,72
2019-05-24,75
2019-05-25,94
2019-05-26,75
2019-05-27,60
2019-05-28,81
2019-05-29,80
2019-05-30,120
2019-05-31,54
2019-06-01,72
2019-06-02,60
2019-06-03,118
2019-06-04,87
2019-06-05,102
2019-06-06,93
2019-06-07,64
2019-06-08,117
2019-06-09,54
2019-06-10,57
2019-06-11,87
2019-06-12,80
2019-06-13,99
2019-06-14,78
2019-06-15,58
2019-06-16,52
2019-06-17,88
2019-06-18,85
2019-06-19,96
2019-06-20,49
2019-06-21,116
2019-06-22,93
2019-06-23,42
2019-06-24,57
2019-06-25,62
2019-06-26,57
2019-06-27,87
2019-06-28,108
2019-06-29,150
2019-06-30,99
2019-07-01,101
2019-07-02,135
2019-07-03,98
2019-07-04,78
2019-07-05,67
2019-07-06,90
2019-07-07,54
2019-07-08,78
2019-07-09,81
2019-07-10,105
2019-07-11,72
2019-07-12,48
2019-07-13,66
2019-07-14,63
2019-07-15,77
2019-07-16,66
2019-07-17,41
2019-07-18,63
2019-07-19,75
2019-07-20,84
2019-07-21,48
2019-07-22,83
2019-07-23,65
2019-07-24,123
2019-07-25,105
2019-07-26,60
2019-07-27,83
2019-07-28,83
2019-07-29,93
2019-07-30,105
2019-07-31,163
2019-08-01,75
2019-08-02,94
2019-08-03,57
2019-08-04,79
2019-08-05,102
2019-08-06,69
2019-08-07,80
2019-08-08,72
2019-08-09,93
2019-08-10,114
2019-08-11,45
2019-08-12,86
2019-08-13,84
2019-08-14,110
2019-08-15,66
2019-08-16,75
2019-08-17,81
2019-08-18,75
2019-08-19,92
2019-08-20,87
2019-08-21,72
2019-08-22,106
2019-08-23,99
2019-08-24,102
2019-08-25,75
2019-08-26,65
2019-08-27,77
2019-08-28,130
2019-08-29,118
2019-08-30,69
2019-08-31,93
2019-09-01,75
2019-09-02,129
2019-09-03,123
2019-09-04,129
2019-09-05,84
2019-09-06,160
2019-09-07,184
2019-09-08,53
2019-09-09,62
2019-09-10,117
2019-09-11,49
2019-09-12,84
2019-09-13,93
2019-09-14,99
2019-09-15,59
2019-09-16,75
2019-09-17,66
2019-09-18,68
2019-09-19,72
2019-09-20,57
2019-09-21,97
2019-09-22,102
2019-09-23,100
2019-09-24,74
2019-09-25,80
2019-09-26,104
2019-09-27,108
2019-09-28,51
2019-09-29,68
2019-09-30,86
2019-10-01,90
2019-10-02,87
2019-10-03,97
2019-10-04,92
2019-10-05,72
2019-10-06,51
2019-10-07,99
2019-10-08,83
2019-10-09,82
2019-10-10,110
2019-10-11,75
2019-10-12,76
2019-10-13,243
2019-10-14,177
2019-10-15,113
2019-10-16,105
2019-10-17,87
2019-10-18,138
2019-10-19,67
2019-10-20,30
2019-10-21,117
2019-10-22,121
2019-10-23,78
2019-10-24,97
2019-10-25,181
2019-10-26,81
2019-10-27,63
2019-10-28,86
2019-10-29,75
2019-10-30,59
2019-10-31,72
2019-11-01,67
2019-11-02,93
2019-11-03,54
2019-11-04,74
2019-11-05,73
2019-11-06,84
2019-11-07,81
2019-11-08,68
2019-11-09,68
2019-11-10,39
2019-11-11,81
2019-11-12,75
2019-11-13,96
2019-11-14,100
2019-11-15,77
2019-11-16,49
2019-11-17,36
2019-11-18,64
2019-11-19,51
2019-11-20,39
2019-11-21,65
2019-11-22,104
2019-11-23,130
2019-11-24,66
2019-11-25,91
2019-11-26,60
2019-11-27,96
2019-11-28,117
2019-11-29,80
2019-11-30,96
2019-12-01,75
2019-12-02,115
2019-12-03,69
2019-12-04,100
2019-12-05,90
2019-12-06,62
2019-12-07,82
2019-12-08,48
2019-12-09,103
2019-12-10,65
2019-12-11,86
2019-12-12,90
2019-12-13,63
2019-12-14,54
2019-12-15,75
2019-12-16,87
2019-12-17,60
2019-12-18,60
2019-12-19,60
2019-12-20,54
2019-12-21,75
2019-12-22,24
2019-12-23,94
2019-12-24,78
2019-12-25,24
2019-12-26,27
2019-12-27,62
2019-12-28,62
2019-12-29,27
2019-12-30,76
2019-12-31,66
2020-01-01,36
2020-01-02,61
2020-01-03,69
2020-01-04,108
2020-01-05,57
2020-01-06,78
2020-01-07,78
2020-01-08,84
2020-01-09,66
2020-01-10,54
2020-01-11,47
2020-01-12,28
2020-01-13,60
2020-01-14,33
2020-01-15,57
2020-01-16,84
2020-01-17,37
2020-01-18,105
2020-01-19,60
2020-01-20,105
2020-01-21,181
2020-01-22,98
2020-01-23,93
2020-01-24,70
2020-01-25,124
2020-01-26,56
2020-01-27,60
2020-01-28,75
2020-01-29,81
2020-01-30,60
2020-01-31,68
2020-02-01,69
2020-02-02,52
2020-02-03,65
2020-02-04,64
2020-02-05,151
2020-02-06,90
2020-02-07,42
2020-02-08,78
2020-02-09,77
2020-02-10,75
2020-02-11,96
2020-02-12,101
2020-02-13,128
2020-02-14,91
2020-02-15,93
2020-02-16,42
2020-02-17,72
2020-02-18,92
2020-02-19,88
2020-02-20,237
2020-02-21,78
2020-02-22,69
2020-02-23,57
2020-02-24,51
2020-02-25,106
2020-02-26,114
2020-02-27,78
2020-02-28,72
2020-02-29,102
2020-03-01,21
2020-03-02,98
2020-03-03,89
2020-03-04,104
2020-03-05,104
2020-03-06,79
2020-03-07,87
2020-03-08,39
2020-03-09,235
2020-03-10,1207
2020-03-11,1129
2020-03-12,1141
2020-03-13,1531
2020-03-14,1949
2020-03-15,710
2020-03-16,656
2020-03-17,477
2020-03-18,332
2020-03-19,381
2020-03-20,309
2020-03-21,306
2020-03-22,249
2020-03-23,279
2020-03-24,202
2020-03-25,208
2020-03-26,255
2020-03-27,303
2020-03-28,225
2020-03-29,145
2020-03-30,191
2020-03-31,213
2020-04-01,209
2020-04-02,210
2020-04-03,223
2020-04-04,222
2020-04-05,120
2020-04-06,123
2020-04-07,240
2020-04-08,273
2020-04-09,132
2020-04-10,129
2020-04-11,279
2020-04-12,111
2020-04-13,141
2020-04-14,161
2020-04-15,118
2020-04-16,136
2020-04-17,176
2020-04-18,248
2020-04-19,171
2020-04-20,210
2020-04-21,553
2020-04-22,206
2020-04-23,122
2020-04-24,151
2020-04-25,197
2020-04-26,144
2020-04-27,131
2020-04-28,96
2020-04-29,144
2020-04-30,177
2020-05-01,108
2020-05-02,197
2020-05-03,125
2020-05-04,84
2020-05-05,111
2020-05-06,126
2020-05-07,153
2020-05-08,188
2020-05-09,162
2020-05-10,114
2020-05-11,117
2020-05-12,247
2020-05-13,211
2020-05-14,135
2020-05-15,164
2020-05-16,123
2020-05-17,115
2020-05-18,394
2020-05-19,363
2020-05-20,185
2020-05-21,118
2020-05-22,153
2020-05-23,87
2020-05-24,95
2020-05-25,57
2020-05-26,90
2020-05-27,66
2020-05-28,71
2020-05-29,112
2020-05-30,107
2020-05-31,63
2020-06-01,69
2020-06-02,123
2020-06-03,91
2020-06-04,114
2020-06-05,71
2020-06-06,137
2020-06-07,70
2020-06-08,88
2020-06-09,87
2020-06-10,89
2020-06-11,78
2020-06-12,73
2020-06-13,94
2020-06-14,68
2020-06-15,168
2020-06-16,60
2020-06-17,48
2020-06-18,102
2020-06-19,96
2020-06-20,60
2020-06-21,78
2020-06-22,99
2020-06-23,132
2020-06-24,66
2020-06-25,78
2020-06-26,74
2020-06-27,69
2020-06-28,59
2020-06-29,120
2020-06-30,73
2020-07-01,105
2020-07-02,161
2020-07-03,133
2020-07-04,104
2020-07-05,59
2020-07-06,72
2020-07-07,111
2020-07-08,134
2020-07-09,146
2020-07-10,96
2020-07-11,79
2020-07-12,24
2020-07-13,81
2020-07-14,96
2020-07-15,164
2020-07-16,109
2020-07-17,103
2020-07-18,112
2020-07-19,57
2020-07-20,57
2020-07-21,72
2020-07-22,91
2020-07-23,48
2020-07-24,69
2020-07-25,84
2020-07-26,30
2020-07-27,66
2020-07-28,99
2020-07-29,126
2020-07-30,89
2020-07-31,99
2020-08-01,102
2020-08-02,77
2020-08-03,66
2020-08-04,84
2020-08-05,80
2020-08-06,96
2020-08-07,84
2020-08-08,93
2020-08-09,27
2020-08-10,92
2020-08-11,75
2020-08-12,117
2020-08-13,128
2020-08-14,99
2020-08-15,90
2020-08-16,72
2020-08-17,87
2020-08-18,71
2020-08-19,102
2020-08-20,111
2020-08-21,109
2020-08-22,132
2020-08-23,87
2020-08-24,122
2020-08-25,79
2020-08-26,69
2020-08-27,130
2020-08-28,117
2020-08-29,120
2020-08-30,52
2020-08-31,81
2020-09-01,117
2020-09-02,84
2020-09-03,81
2020-09-04,84
2020-09-05,90
2020-09-06,39
2020-09-07,116
2020-09-08,66
2020-09-09,92
2020-09-10,60
2020-09-11,59
2020-09-12,69
2020-09-13,42
2020-09-14,106
2020-09-15,201
2020-09-16,90
2020-09-17,78
2020-09-18,91
2020-09-19,101
2020-09-20,69
2020-09-21,63
2020-09-22,102
2020-09-23,80
2020-09-24,32
2020-09-25,78
2020-09-26,69
2020-09-27,39
2020-09-28,69
2020-09-29,124
2020-09-30,120
2020-10-01,58
2020-10-02,59
2020-10-03,66
2020-10-04,84
2020-10-05,63
2020-10-06,74
2020-10-07,63
2020-10-08,53
2020-10-09,60
2020-10-10,77
2020-10-11,45
2020-10-12,27
2020-10-13,98
2020-10-14,69
2020-10-15,76
2020-10-16,77
2020-10-17,93
2020-10-18,39
2020-10-19,81
2020-10-20,71
2020-10-21,129
2020-10-22,90
2020-10-23,63
2020-10-24,89
2020-10-25,77
2020-10-26,98
2020-10-27,111
2020-10-28,120
2020-10-29,99
2020-10-30,47
2020-10-31,145
2020-11-01,99
2020-11-02,100
2020-11-03,96
2020-11-04,84
2020-11-05,78
2020-11-06,85
2020-11-07,90
2020-11-08,128
2020-11-09,189
2020-11-10,143
2020-11-11,78
2020-11-12,123
2020-11-13,101
2020-11-14,99
2020-11-15,54
2020-11-16,87
2020-11-17,220
2020-11-18,114
2020-11-19,71
2020-11-20,93
2020-11-21,117
2020-11-22,51
2020-11-23,102
2020-11-24,85
2020-11-25,207
2020-11-26,155
2020-11-27,114
2020-11-28,69
2020-11-29,48
2020-11-30,110
2020-12-01,87
2020-12-02,84
2020-12-03,79
2020-12-04,75
2020-12-05,267
2020-12-06,64
2020-12-07,57
2020-12-08,60
2020-12-09,75
2020-12-10,53
2020-12-11,64
2020-12-12,79
2020-12-13,45
2020-12-14,42
2020-12-15,54
2020-12-16,90
2020-12-17,63
2020-12-18,63
2020-12-19,66
2020-12-20,39
2020-12-21,36
2020-12-22,57
2020-12-23,66
2020-12-24,60
2020-12-25,33
2020-12-26,44
2020-12-27,45
2020-12-28,72
2020-12-29,48
2020-12-30,50
2020-12-31,63
2021-01-01,42
2021-01-02,51
2021-01-03,52
2021-01-04,56
2021-01-05,70
2021-01-06,24
2021-01-07,49
2021-01-08,72
2021-01-09,179
2021-01-10,81
2021-01-11,128
2021-01-12,128
2021-01-13,96
2021-01-14,120
2021-01-15,84
2021-01-16,141
2021-01-17,66
2021-01-18,78
2021-01-19,101
2021-01-20,48
2021-01-21,57
2021-01-22,27
2021-01-23,177
2021-01-24,84
2021-01-25,66
2021-01-26,100
2021-01-27,97
2021-01-28,51
2021-01-29,60
2021-01-30,73
2021-01-31,60
2021-02-01,90
2021-02-02,81
2021-02-03,84
2021-02-04,85
2021-02-05,75
2021-02-06,106
2021-02-07,61
2021-02-08,39
2021-02-09,70
2021-02-10,61
2021-02-11,72
2021-02-12,71
2021-02-13,135
2021-02-14,31
2021-02-15,39
2021-02-16,75
2021-02-17,80
2021-02-18,81
2021-02-19,42
2021-02-20,81
2021-02-21,48
2021-02-22,93
2021-02-23,60
2021-02-24,80
2021-02-25,72
2021-02-26,48
2021-02-27,75
2021-02-28,30
2021-03-01,77
2021-03-02,114
2021-03-03,66
2021-03-04,53
2021-03-05,61
2021-03-06,84
2021-03-07,57
2021-03-08,42
2021-03-09,32
2021-03-10,51
2021-03-11,98
2021-03-12,45
2021-03-13,83
2021-03-14,56
2021-03-15,57
2021-03-16,54
2021-03-17,48
2021-03-18,60
2021-03-19,69
2021-03-20,69
2021-03-21,33
2021-03-22,47
2021-03-23,51
2021-03-24,87
2021-03-25,86
2021-03-26,39
2021-03-27,60
2021-03-28,25
2021-03-29,48
2021-03-30,80
2021-03-31,36
2021-04-01,65
2021-04-02,37
2021-04-03,72
2021-04-04,45
2021-04-05,56
2021-04-06,60
2021-04-07,63
2021-04-08,39
2021-04-09,57
2021-04-10,50
2021-04-11,24
2021-04-12,54
2021-04-13,54
2021-04-14,47
2021-04-15,108
2021-04-16,126
2021-04-17,70
2021-04-18,42
2021-04-19,54
2021-04-20,75
2021-04-21,74
2021-04-22,39
2021-04-23,53
2021-04-24,68
2021-04-25,44
2021-04-26,60
2021-04-27,81
2021-04-28,46
2021-04-29,56
2021-04-30,98
2021-05-01,39
2021-05-02,44
2021-05-03,96
2021-05-04,56
2021-05-05,49
2021-05-06,75
2021-05-07,69
2021-05-08,64
2021-05-09,56
2021-05-10,70
2021-05-11,68
2021-05-12,72
2021-05-13,58
2021-05-14,36
2021-05-15,50
2021-05-16,30
2021-05-17,66
2021-05-18,53
2021-05-19,65
2021-05-20,39
2021-05-21,36
2021-05-22,51
2021-05-23,93
2021-05-24,45
2021-05-25,60
2021-05-26,132
2021-05-27,87
2021-05-28,41
2021-05-29,60
2021-05-30,18
2021-05-31,30
2021-06-01,63
2021-06-02,40
2021-06-03,41
2021-06-04,24
2021-06-05,48
2021-06-06,35
2021-06-07,66
2021-06-08,57
2021-06-09,84
2021-06-10,57
2021-06-11,58
2021-06-12,67
2021-06-13,40
2021-06-14,68
2021-06-15,33
2021-06-16,34
2021-06-17,75
2021-06-18,60
2021-06-19,51
2021-06-20,84
2021-06-21,54
2021-06-22,63
2021-06-23,48
2021-06-24,35
2021-06-25,25
2021-06-26,42
2021-06-27,41
2021-06-28,72
2021-06-29,79
2021-06-30,60
2021-07-01,120
2021-07-02,128
2021-07-03,80
2021-07-04,132
2021-07-05,63
2021-07-06,75
2021-07-07,39
2021-07-08,78
2021-07-09,75
2021-07-10,51
2021-07-11,39
2021-07-12,69
2021-07-13,90
2021-07-14,66
2021-07-15,51
2021-07-16,39
2021-07-17,69
2021-07-18,42
2021-07-19,102
2021-07-20,48
2021-07-21,93
2021-07-22,42
2021-07-23,66
2021-07-24,75
2021-07-25,24
2021-07-26,64
2021-07-27,65
2021-07-28,42
2021-07-29,69
2021-07-30,133
2021-07-31,93
2021-08-01,36
2021-08-02,107
2021-08-03,128
2021-08-04,102
2021-08-05,93
2021-08-06,59
2021-08-07,48
2021-08-08,48
2021-08-09,75
2021-08-10,58
2021-08-11,72
2021-08-12,81
2021-08-13,39
2021-08-14,84
2021-08-15,42
2021-08-16,63
2021-08-17,81
2021-08-18,107
2021-08-19,105
2021-08-20,99
2021-08-21,244
2021-08-22,119
2021-08-23,97
2021-08-24,88
2021-08-25,81
2021-08-26,78
2021-08-27,90
2021-08-28,68
2021-08-29,54
2021-08-30,60
2021-08-31,63
2021-09-01,106
2021-09-02,107
2021-09-03,86
2021-09-04,93
2021-09-05,30
2021-09-06,54
2021-09-07,54
2021-09-08,110
2021-09-09,62
2021-09-10,81
2021-09-11,60
2021-09-12,42
2021-09-13,82
2021-09-14,61
2021-09-15,50
2021-09-16,63
2021-09-17,53
2021-09-18,41
2021-09-19,21
2021-09-20,69
2021-09-21,64
2021-09-22,75
2021-09-23,99
2021-09-24,60
2021-09-25,101
2021-09-26,55
2021-09-27,45
2021-09-28,69
2021-09-29,99
2021-09-30,84
2021-10-01,57
2021-10-02,72
2021-10-03,89
2021-10-04,101
2021-10-05,48
2021-10-06,39
2021-10-07,78
2021-10-08,63
2021-10-09,60
2021-10-10,60
2021-10-11,45
2021-10-12,36
2021-10-13,48
2021-10-14,42
2021-10-15,33
2021-10-16,81
2021-10-17,21
2021-10-18,60
2021-10-19,79
2021-10-20,90
2021-10-21,69
2021-10-22,66
2021-10-23,63
2021-10-24,30
2021-10-25,72
2021-10-26,80
2021-10-27,60
2021-10-28,75
2021-10-29,57
2021-10-30,89
2021-10-31,24
2021-11-01,36
2021-11-02,32
2021-11-03,45
2021-11-04,66
2021-11-05,69
2021-11-06,69
2021-11-07,48
2021-11-08,72
2021-11-09,58
2021-11-10,60
2021-11-11,57
2021-11-12,86
2021-11-13,39
2021-11-14,63
2021-11-15,36
2021-11-16,27
2021-11-17,66
2021-11-18,81
2021-11-19,82
2021-11-20,60
2021-11-21,63
2021-11-22,54
2021-11-23,61
2021-11-24,63
2021-11-25,44
2021-11-26,42
2021-11-27,48
2021-11-28,39
2021-11-29,83
2021-11-30,60
2021-12-01,74
2021-12-02,51
2021-12-03,54
2021-12-04,78
2021-12-05,26
2021-12-06,29
2021-12-07,36
2021-12-08,30
2021-12-09,84
2021-12-10,57
2021-12-11,39
2021-12-12,27
2021-12-13,61
2021-12-14,39
2021-12-15,51
2021-12-16,36
2021-12-17,56
2021-12-18,42
2021-12-19,30
2021-12-20,54
2021-12-21,54
2021-12-22,57
2021-12-23,72
2021-12-24,57
2021-12-25,30
2021-12-26,12
2021-12-27,51
2021-12-28,60
2021-12-29,32
2021-12-30,58
2021-12-31,55
2022-01-01,46
2022-01-02,33
2022-01-03,51
2022-01-04,75
2022-01-05,87
2022-01-06,54
2022-01-07,81
2022-01-08,45
2022-01-09,51
2022-01-10,78
2022-01-11,55
2022-01-12,27
2022-01-13,98
2022-01-14,84
2022-01-15,69
2022-01-16,45
2022-01-17,59
2022-01-18,48
2022-01-19,34
2022-01-20,24
2022-01-21,68
2022-01-22,90
2022-01-23,27
2022-01-24,51
2022-01-25,56
2022-01-26,36
2022-01-27,33
2022-01-28,39
2022-01-29,45
2022-01-30,19
2022-01-31,39
2022-02-01,54
2022-02-02,17
2022-02-03,43
2022-02-04,60
2022-02-05,31
2022-02-06,46
2022-02-07,60
2022-02-08,62
2022-02-09,39
2022-02-10,42
2022-02-11,48
2022-02-12,51
2022-02-13,27
2022-02-14,52
2022-02-15,61
2022-02-16,74
2022-02-17,32
2022-02-18,45
2022-02-19,39
2022-02-20,24
2022-02-21,54
2022-02-22,40
2022-02-23,54
2022-02-24,48
2022-02-25,31
2022-02-26,33
2022-02-27,18
2022-02-28,38
2022-03-01,42
2022-03-02,57
2022-03-03,63
2022-03-04,75
2022-03-05,120
2022-03-06,39
2022-03-07,158
2022-03-08,132
2022-03-09,117
2022-03-10,76
2022-03-11,187
2022-03-12,684
2022-03-13,244
2022-03-14,176
2022-03-15,233
2022-03-16,121
2022-03-17,195
2022-03-18,179
2022-03-19,92
2022-03-20,52
2022-03-21,123
2022-03-22,179
2022-03-23,538
2022-03-24,561
2022-03-25,156
2022-03-26,132
2022-03-27,196
2022-03-28,336
2022-03-29,203
2022-03-30,88
2022-03-31,68
2022-04-01,64
2022-04-02,73
2022-04-03,80
2022-04-04,96
2022-04-05,79
2022-04-06,79
2022-04-07,68
2022-04-08,101
2022-04-09,98
2022-04-10,84
2022-04-11,69
2022-04-12,232
2022-04-13,108
2022-04-14,71
2022-04-15,60
2022-04-16,68
2022-04-17,48
2022-04-18,68
2022-04-19,152
2022-04-20,244
2022-04-21,196
2022-04-22,108
2022-04-23,100
2022-04-24,28
2022-04-25,68
2022-04-26,85
2022-04-27,132
2022-04-28,128
2022-04-29,104
2022-04-30,128
2022-05-01,40
2022-05-02,68
2022-05-03,170
2022-05-04,131
2022-05-05,76
2022-05-06,88
2022-05-07,76
2022-05-08,52
2022-05-09,72
2022-05-10,90
2022-05-11,111
2022-05-12,49
2022-05-13,58
2022-05-14,106
2022-05-15,32
2022-05-16,62
2022-05-17,83
2022-05-18,93
2022-05-19,75
2022-05-20,88
2022-05-21,89
2022-05-22,48
2022-05-23,52
2022-05-24,96
2022-05-25,63
2022-05-26,104
2022-05-27,73
2022-05-28,101
2022-05-29,40
2022-05-30,142
2022-05-31,143
2022-06-01,76
2022-06-02,90
2022-06-03,84
2022-06-04,96
2022-06-05,100
2022-06-06,92
2022-06-07,116
2022-06-08,131
2022-06-09,132
2022-06-10,194
2022-06-11,164
2022-06-12,83
2022-06-13,93
2022-06-14,96
2022-06-15,84
2022-06-16,77
2022-06-17,132
2022-06-18,137
2022-06-19,124
2022-06-20,32
2022-06-21,52
2022-06-22,120
2022-06-23,93
2022-06-24,76
2022-06-25,92
2022-06-26,32
2022-06-27,93
2022-06-28,60
2022-06-29,91
2022-06-30,85
2022-07-01,100
2022-07-02,56
2022-07-03,84
2022-07-04,93
2022-07-05,88
2022-07-06,59
2022-07-07,107
2022-07-08,72
2022-07-09,80
2022-07-10,32
2022-07-11,87
2022-07-12,56
2022-07-13,96
2022-07-14,82
2022-07-15,80
2022-07-16,88
2022-07-17,87
2022-07-18,68
2022-07-19,74
2022-07-20,114
2022-07-21,72
2022-07-22,54
2022-07-23,129
2022-07-24,44
2022-07-25,81
2022-07-26,85
2022-07-27,72
2022-07-28,44
2022-07-29,56
2022-07-30,56
2022-07-31,76
2022-08-01,77
2022-08-02,73
2022-08-03,114
2022-08-04,136
2022-08-05,311
2022-08-06,160
2022-08-07,64
2022-08-08,72
2022-08-09,96
2022-08-10,160
2022-08-11,86
2022-08-12,80
2022-08-13,96
2022-08-14,52
2022-08-15,64
2022-08-16,125
2022-08-17,68
2022-08-18,136
2022-08-19,100
2022-08-20,64
2022-08-21,40
2022-08-22,121
2022-08-23,84
2022-08-24,116
2022-08-25,262
2022-08-26,133
2022-08-27,112
2022-08-28,80
2022-08-29,120
2022-08-30,85
2022-08-31,120
2022-09-01,120
2022-09-02,100
2022-09-03,68
2022-09-04,71
2022-09-05,168
2022-09-06,308
2022-09-07,269
2022-09-08,204
2022-09-09,197
2022-09-10,68
2022-09-11,172
2022-09-12,148
2022-09-13,104
2022-09-14,128
2022-09-15,76
2022-09-16,84
2022-09-17,112
2022-09-18,76
2022-09-19,64
2022-09-20,83
2022-09-21,70
2022-09-22,114
2022-09-23,92
2022-09-24,111
2022-09-25,52
2022-09-26,82
2022-09-27,183
2022-09-28,147
2022-09-29,148
2022-09-30,128
2022-10-01,124
2022-10-02,112
2022-10-03,193
2022-10-04,84
2022-10-05,80
2022-10-06,111
2022-10-07,61
2022-10-08,48
2022-10-09,21
2022-10-10,143
2022-10-11,72
2022-10-12,76
2022-10-13,104
2022-10-14,140
2022-10-15,122
2022-10-16,99
2022-10-17,147
2022-10-18,156
2022-10-19,158
2022-10-20,108
2022-10-21,170
2022-10-22,135
2022-10-23,174
2022-10-24,180
2022-10-25,303
2022-10-26,74
2022-10-27,156
2022-10-28,161
2022-10-29,144
2022-10-30,67
2022-10-31,130
2022-11-01,129
2022-11-02,210
2022-11-03,199
2022-11-04,209
2022-11-05,98
2022-11-06,75
2022-11-07,146
2022-11-08,123
2022-11-09,131
2022-11-10,208
2022-11-11,115
2022-11-12,111
2022-11-13,95
2022-11-14,131
2022-11-15,165
2022-11-16,205
2022-11-17,135
2022-11-18,184
2022-11-19,89
2022-11-20,115
2022-11-21,90
